alloy_rep_id,alloy_cnt.x,log_max_stress,log_max_strain,bc_1,bc_2,bc_3,bc_4,bc_5,bc_6,toughness,young_mod,frac_stress,gcv,alloy,Mo,Nb,Ta,V,W,rep,Experiment,alloy_cnt.y
0.155247433960763_0.472074473566897_0.353462382084521_0.00757081036969871_0.0116449000181209_1,63,2.24278715507854,-2.75514180863606,5.75574782228382,2.68376246070178,-0.449308965849988,-0.0768963021120937,-0.00574250489307873,0.000570685494134264,0.364167366546495,198.3628008333,9.17886416989486,3.66591269061186,MoNbTaVW,0.155247433960763,0.472074473566897,0.353462382084521,0.00757081036969871,0.0116449000181209,1,7,63
0.155247433960763_0.472074473566897_0.353462382084521_0.00757081036969871_0.0116449000181209_2,63,2.23934772011642,-2.77419000360676,5.68704219461873,2.67518468732793,-0.423982055462063,-0.0735224649435323,-0.00815366484513749,-0.000797851368824017,0.352981017778898,198.680977793346,9.14860312590005,3.66602138613483,MoNbTaVW,0.155247433960763,0.472074473566897,0.353462382084521,0.00757081036969871,0.0116449000181209,2,7,63
0.155247433960763_0.472074473566897_0.353462382084521_0.00757081036969871_0.0116449000181209_3,63,2.24406234986575,-2.73644967562391,5.81930248977326,2.69343387599272,-0.476493154159358,-0.0828149462512858,-0.00587434345955792,0.00188532922919502,0.375191475457037,198.094966760629,9.18794946067638,3.84672906361128,MoNbTaVW,0.155247433960763,0.472074473566897,0.353462382084521,0.00757081036969871,0.0116449000181209,3,7,63
0.1_0.9_0_0_0_1,64,2.2188305937114,-2.69414729593322,5.34222459432754,2.6800789071141,-0.343817520477612,-0.0238290334015466,0.00136760699190797,-0.0023816069983533,0.359304687692272,181.488490137507,9.13742452183451,0.820467120740516,MoNb,0.1,0.9,0,0,0,1,100,64
0.1_0.9_0_0_0_2,64,2.21181808956279,-2.71205822249974,5.27460290691295,2.65967331956937,-0.327942881766534,-0.0212893435089142,0.00460176915333333,0.000623858087510111,0.34841279623808,180.989924005078,9.0940162612585,0.809670715467376,MoNb,0.1,0.9,0,0,0,2,100,64
0.1_0.9_0_0_0_3,64,2.21588866658364,-2.70306265959118,5.30805472926166,2.66895870208985,-0.336438807448637,-0.0222512612871446,0.00296303563939174,-0.00177454475728262,0.353815248668491,181.460533316854,9.11057988848672,0.818312952540922,MoNb,0.1,0.9,0,0,0,3,100,64
0.1_0_0.9_0_0_1,65,2.45642278682326,-2.41463459680266,6.4723645472014,3.38512036097246,-0.336436983476208,-0.0751505279823074,0.0293528756304543,0.00684348889833461,0.576319665315476,152.452622598683,11.4789449712253,4.05174687169566,MoTa,0.1,0,0.9,0,0,1,100,65
0.1_0_0.9_0_0_2,65,2.46094655015809,-2.40572585191355,6.51780933452096,3.40129139431938,-0.344934498535953,-0.0759052870860224,0.0303576870083045,0.00774518973545579,0.585584937216893,152.373782714815,11.5374025994394,4.04360512253897,MoTa,0.1,0,0.9,0,0,2,100,65
0.1_0_0.9_0_0_3,65,2.46060960577414,-2.40572585191356,6.51731895508435,3.402180457613,-0.345175633972268,-0.0756931283438023,0.0303527458133039,0.00671609954294538,0.585541128272597,152.442580154366,11.535255976795,4.03897945951564,MoTa,0.1,0,0.9,0,0,3,100,65
0.1_0_0_0.9_0_1,66,2.3120390832228,-2.61183134336167,5.67957929613009,2.91087695642758,-0.295259038401809,0.0109333888211524,0.00670777382836332,-0.00172271887791411,0.414864279653363,178.038872144111,10.0862077714077,0.801106481652444,MoV,0.1,0,0,0.9,0,1,100,66
0.1_0_0_0.9_0_2,66,2.30554949857758,-2.62831523308336,5.606668005307,2.87923916359665,-0.28819787271321,0.0090439736404128,0.0058636527278417,-0.00134620690934707,0.402808345202384,178.020771443503,9.96794455443082,0.809262845672599,MoV,0.1,0,0,0.9,0,2,100,66
0.1_0_0_0.9_0_3,66,2.31148245830386,-2.61455985801487,5.66595582423513,2.9043642359742,-0.294423087158825,0.0108062388690824,0.00678682331478499,-0.000905382785701736,0.412735495815432,177.964758177408,10.0655459930308,0.80932768058266,MoV,0.1,0,0,0.9,0,3,100,66
0.1_0_0_0_0.9_1,67,2.75863779430659,-3.06615473785055,8.52662270874268,4.567639341208,-0.304292982827741,-0.0353378368748743,0.00024655923298669,-0.00230869020544129,0.394209410844271,386.617571942346,15.6123692981517,1.71780302420764,MoW,0.1,0,0,0,0.9,1,100,67
0.1_0_0_0_0.9_2,67,2.77050858795434,-3.04072963948473,8.71133830737377,4.65020120996745,-0.325246716028207,-0.038538674417705,-0.000488843926139609,-0.00229586747824327,0.413216408806022,386.411857586402,15.8842999663514,1.731979057365,MoW,0.1,0,0,0,0.9,2,100,67
0.1_0_0_0_0.9_3,67,2.76611400395993,-3.05336138639061,8.61629348099145,4.60797142731678,-0.31637654322969,-0.0385166024451197,-0.00124579507090218,-0.00318829630931871,0.403534329708427,386.698628913164,15.7308918423337,1.72338022840709,MoW,0.1,0,0,0,0.9,3,100,67
0.259711352455833_0.452956645498186_0.191609821074781_0.0593225998699225_0.036399581101278_1,53,2.3489747307456,-3.03239625792558,6.02421612865537,2.7633999347133,-0.248909023211554,-0.0386999861779892,-0.00921667095557052,-0.026049038807242,0.288187473328914,242.537571013052,10.02937394529,6.60676799246669,MoNbTaVW,0.259711352455833,0.452956645498186,0.191609821074781,0.0593225998699225,0.036399581101278,1,19,53
0.259711352455833_0.452956645498186_0.191609821074781_0.0593225998699225_0.036399581101278_2,53,2.33422395230607,-3.05336138639063,5.8878745484184,2.73826095424497,-0.223063740892131,-0.0351902667850608,0.00155029541729376,-0.025396435902194,0.275747325108426,242.705512302106,9.94633637476536,6.43112033749547,MoNbTaVW,0.259711352455833,0.452956645498186,0.191609821074781,0.0593225998699225,0.036399581101278,2,19,53
0.259711352455833_0.452956645498186_0.191609821074781_0.0593225998699225_0.036399581101278_3,53,2.33288918850912,-3.04492251774475,5.89090039239942,2.76111969811406,-0.232666739427398,-0.0451893337037109,0.00140207186911173,-0.0360301840249224,0.278253951316636,246.543225391636,9.91130466728048,6.65834170300364,MoNbTaVW,0.259711352455833,0.452956645498186,0.191609821074781,0.0593225998699225,0.036399581101278,3,19,53
0.25_0.25_0.25_0.25_0_1,54,2.12896132818158,-2.66212126921381,4.84575258261705,2.49366578941654,-0.292552793820103,-0.0591523980146839,-0.00790143806222909,-0.00528393325917906,0.336568770883091,154.811021309809,8.30763155166104,2.32360683732527,Mo_Nb_Ta_V,0.25,0.25,0.25,0.25,0,1,0,54
0.25_0.25_0.25_0_0.25_1,55,2.32783419169291,-2.85771097565662,6.01471890342888,3.01116269424387,-0.392758103033737,-0.0769350355766483,-0.015693054843925,-0.00805899204008742,0.343219166759544,231.541977707065,10.0709574494758,3.1377258182376,Mo_Nb_Ta_W,0.25,0.25,0.25,0,0.25,1,0,55
0.25_0.25_0_0.25_0.25_1,56,2.34571892068751,-2.86120138059639,5.86563435533936,3.00302446747298,-0.290273917230876,-0.0461490920165208,-0.00555442006953434,-0.00764563432998128,0.333449827627273,220.904435192382,10.2398498289957,3.19232202558961,Mo_Nb_V_W,0.25,0.25,0,0.25,0.25,1,0,56
0.25_0_0.25_0.25_0.25_1,57,2.31648950112049,-2.80346038590687,5.71710180141295,2.93897243056026,-0.292096285349699,-0.0579143532648403,-0.00497502492846392,-0.0119590723170628,0.344452428769932,204.588664780136,9.9367052194199,3.54637133423802,Mo_Ta_V_W,0.25,0,0.25,0.25,0.25,1,0,57
0.2_0.2_0.2_0.2_0.2_1,59,2.24086980507376,-2.777400279237,5.41386334148995,2.75479399122945,-0.309643057172451,-0.0662246845557108,-0.003628107612592,-0.0119224852227847,0.334873608150676,190.238928829855,9.26103877143893,3.54275852631898,Mo_Nb_Ta_V_W,0.2,0.2,0.2,0.2,0.2,1,0,59
0.2_0.8_0_0_0_1,58,2.23065994346932,-2.76145097782934,5.46283352587015,2.7233110650518,-0.377181447729014,-0.0459168891099696,-0.00148675786082161,-0.00278340949489623,0.343408242782893,196.884263334067,9.19298863648005,1.8406759290248,MoNb,0.2,0.8,0,0,0,1,0,58
0.2_0.8_0_0_0_2,58,2.23724599099743,-2.74264164587183,5.5331237207049,2.74146979601262,-0.394554617149394,-0.0467303254409539,-0.00061104271263855,-0.00343717497706306,0.354469699841106,196.841570467331,9.25498679273309,1.87032344958636,MoNb,0.2,0.8,0,0,0,2,0,58
0.2_0.8_0_0_0_3,58,2.24296699108131,-2.7333680090865,5.56870844978826,2.75087484912277,-0.407875201079891,-0.0495351829342075,0.000677463259502101,-0.000765028828593499,0.360098677997328,196.532664508325,9.28213668978458,1.83179062361433,MoNb,0.2,0.8,0,0,0,3,0,58
0.2_0_0.8_0_0_1,60,2.33983611452563,-2.46040917818761,6.07119533012479,3.04323362267567,-0.476018745532263,-0.0979859647148572,0.0357301082503223,0.0120343538889283,0.516441412214371,157.824549348961,10.155427026996,3.9766451962824,MoTa,0.2,0,0.8,0,0,1,0,60
0.2_0_0.8_0_0_2,60,2.34040520551857,-2.46040917818762,6.07104002761504,3.04114261453085,-0.479237949312377,-0.100182068389202,0.0352092920374889,0.0113825259246937,0.516431927592857,157.80885445329,10.1354190079697,3.94572136556701,MoTa,0.2,0,0.8,0,0,2,0,60
0.2_0_0.8_0_0_3,60,2.3679665933269,-2.39250980052203,6.34997513632629,3.10866249005562,-0.555743141387202,-0.0838650369561038,0.0581871940290994,0.0160082829145561,0.57828257286527,157.723031108897,10.4849394519926,4.06084650853973,MoTa,0.2,0,0.8,0,0,3,0,60
0.2_0_0_0.8_0_1,61,2.31533935435427,-2.67655153404285,5.53407621959798,2.90546938820379,-0.242919172785378,0.00327548116422324,0.00387694974096705,-0.00671889625241864,0.378743400898072,181.034777760554,10.0024508892517,1.46409575877765,MoV,0.2,0,0,0.8,0,1,0,61
0.2_0_0_0.8_0_2,61,2.31331534747465,-2.67075441635851,5.55963309648021,2.91806283774144,-0.24520204575439,0.00443435041564501,0.00450762530692053,-0.00577789404017117,0.382716107138997,181.016193857569,10.0523875721033,1.40946856390593,MoV,0.2,0,0,0.8,0,2,0,61
0.2_0_0_0.8_0_3,61,2.32476448167173,-2.66212126921381,5.59968969873456,2.93259870100885,-0.250148411591541,0.00430137248608093,0.00512697507731674,-0.00460733096004189,0.388835731408748,180.721254641069,10.111740457106,1.44176997344811,MoV,0.2,0,0,0.8,0,3,0,61
0.2_0_0_0_0.8_1,62,2.7175739283527,-3.09665819214394,8.15697654408915,4.39436149818722,-0.284887643799299,-0.0347487743795677,-0.000439249777482517,-0.00132455465457435,0.365692191343744,380.958736454252,14.9885468880646,1.67024141498824,MoW,0.2,0,0,0,0.8,1,0,62
0.2_0_0_0_0.8_2,62,2.72065066636443,-3.08347118786198,8.25354416450877,4.43930491244354,-0.29346296695221,-0.0359040709009802,-0.00305732759962589,-0.0046410010353441,0.374981637734433,381.777432980886,15.1245138795419,1.69151617695624,MoW,0.2,0,0,0,0.8,2,0,62
0.2_0_0_0_0.8_3,62,2.71945886013387,-3.0878475624618,8.21934117092337,4.42224969176895,-0.292265684652599,-0.0361874943275224,-0.00130083840563378,-0.00154595007976782,0.371781339099491,380.961199473635,15.0765107207303,1.70232350079348,MoW,0.2,0,0,0,0.8,3,0,62
0.333333333333333_0.333333333333333_0.333333333333333_0_0_1,43,2.23383753288008,-2.64507540194082,5.84509293757382,2.8071295399416,-0.554341160073429,-0.103155554591258,-0.000620975926068856,0.00910598030711185,0.413157828160808,193.033096577354,9.22331474929045,1.40965288894451,Mo_Nb_Ta,0.333333333333333,0.333333333333333,0.333333333333333,0,0,1,0,43
0.333333333333333_0.333333333333333_0_0.333333333333333_0_1,44,2.20211465041577,-2.78062089393705,5.04841730874709,2.66027254798741,-0.24360556761365,-0.0345946381380518,-0.00438885514897364,-0.00443480615445789,0.311205532280801,179.65697096099,8.97854688285776,1.23051376673051,Mo_Nb_V,0.333333333333333,0.333333333333333,0,0.333333333333333,0,1,0,44
0.333333333333333_0.333333333333333_0_0_0.333333333333333_1,45,2.42405243370015,-3.02002496612304,6.29400475964541,3.3085196672202,-0.309335369515652,-0.0486824608184103,-0.00358007174931348,-0.00477420757556323,0.304912876925854,280.42697972635,11.1564511122948,1.73027482652247,Mo_Nb_W,0.333333333333333,0.333333333333333,0,0,0.333333333333333,1,0,45
0.333333333333333_0_0.333333333333333_0.333333333333333_0_1,46,2.17115190947415,-2.65926003693278,5.01461785120704,2.59692970218274,-0.288890386740873,-0.060296214110995,-0.0130013490376842,-0.00777254421797031,0.349293131312021,159.530708507229,8.63747796618581,2.17471977907867,Mo_Ta_V,0.333333333333333,0,0.333333333333333,0.333333333333333,0,1,0,46
0.333333333333333_0_0.333333333333333_0_0.333333333333333_1,47,2.42232040749112,-2.94124408826992,6.36608717495312,3.32226605545577,-0.319311651101684,-0.0536051170874576,-0.00938527842508104,-0.00272149699980532,0.333883058649509,261.202223502017,11.2094642074598,1.38440060173403,Mo_Ta_W,0.333333333333333,0,0.333333333333333,0,0.333333333333333,1,0,47
0.333333333333333_0_0_0.333333333333333_0.333333333333333_1,48,2.5200507877446,-2.84386992424475,6.91626802171001,3.65508169200674,-0.322381061683658,-0.0467712194038106,-0.00711797932285382,-0.00171939449932189,0.400056068142915,259.404750740055,12.3537673663161,0.690194033394922,Mo_V_W,0.333333333333333,0,0,0.333333333333333,0.333333333333333,1,0,48
0.379867673301018_0.452048805094202_0.0375305434025656_0.108994048771415_0.0215589294307989_1,42,2.32469300989213,-3.00376444525127,5.74431684432597,2.95765806200829,-0.280795444381925,-0.0476728493920358,-0.00156914386335538,-0.00544438400196315,0.28286980336213,247.59616206768,10.0727124195464,1.72227590532746,MoNbTaVW,0.379867673301018,0.452048805094202,0.0375305434025656,0.108994048771415,0.0215589294307989,1,3,42
0.379867673301018_0.452048805094202_0.0375305434025656_0.108994048771415_0.0215589294307989_2,42,2.32975079765145,-2.96423360649462,5.90951730967697,3.01744949054506,-0.321156292254868,-0.0601663688935672,-0.00563990360813884,-0.00821966586034056,0.302857119698576,247.801670323662,10.2022267894789,1.70786206369585,MoNbTaVW,0.379867673301018,0.452048805094202,0.0375305434025656,0.108994048771415,0.0215589294307989,2,3,42
0.379867673301018_0.452048805094202_0.0375305434025656_0.108994048771415_0.0215589294307989_3,42,2.32957256221331,-2.98380370268872,5.83305823980012,2.99072827240767,-0.298270982818038,-0.050827060450556,-0.000398138804581889,-0.00510718190297778,0.293083083232328,247.58016837467,10.1767555337401,1.75187684028257,MoNbTaVW,0.379867673301018,0.452048805094202,0.0375305434025656,0.108994048771415,0.0215589294307989,3,3,42
0.3_0.7_0_0_0_1,49,2.21739376885389,-2.81674961802554,5.38021578898249,2.69631171496245,-0.370117561910338,-0.0637495176445538,0.00519563213169663,-0.0093180503689,0.319919466242374,203.18454557321,9.03280176478443,2.66189103061419,MoNb,0.3,0.7,0,0,0,1,100,49
0.3_0.7_0_0_0_2,49,2.2123033349564,-2.83361342407754,5.31476392230735,2.67676614669702,-0.352814156860081,-0.0602818173269513,0.00354808936660979,-0.0110139582253627,0.310703242335564,203.804285239354,8.97065404279921,2.62118151967091,MoNb,0.3,0.7,0,0,0,2,100,49
0.3_0.7_0_0_0_3,49,2.22176727624414,-2.79688141480884,5.45410418263476,2.71503893969735,-0.393663532370949,-0.0688749154530549,0.00321949912484499,-0.00900156465136052,0.330876119312611,202.915092077446,9.06978868508609,2.74695811641379,MoNb,0.3,0.7,0,0,0,3,100,49
0.3_0_0.7_0_0_1,50,2.27061800687856,-2.45108510131249,6.10100878095283,2.92254939448759,-0.679953847827554,-0.122882175577391,0.0486972237589116,0.0233836499888675,0.52400756911091,169.487843841646,9.53572761456004,2.8142694704296,MoTa,0.3,0,0.7,0,0,1,100,50
0.3_0_0.7_0_0_2,50,2.27550899666225,-2.4349742810398,6.15603229179744,2.92449679857275,-0.704365733632359,-0.118568549174316,0.055206706288567,0.0251791267320083,0.537361067639108,169.519904917835,9.57565474499102,2.81034995211667,MoTa,0.3,0,0.7,0,0,2,100,50
0.3_0_0.7_0_0_3,50,2.27180893973865,-2.45108510131249,6.10434692210965,2.9247521043272,-0.679969238197733,-0.123537022717501,0.0479099969623137,0.0233915748370838,0.524294805964578,169.579483363825,9.53891597154745,2.82770780489281,MoTa,0.3,0,0.7,0,0,3,100,50
0.3_0_0_0.7_0_1,51,2.34986342192031,-2.69119308403579,5.76607412264712,3.04133593988195,-0.240285655254589,-0.00374208972443441,-0.00347601900172712,-0.00380156555579019,0.388851413647396,189.059271146694,10.4440417118376,0.500514389416593,MoV,0.3,0,0,0.7,0,1,100,51
0.3_0_0_0.7_0_2,51,2.32394141902217,-2.72723302051899,5.59787151625474,2.96703569303652,-0.221677575246627,-0.00117409356576142,-0.00101640627718451,-0.00230606282813196,0.36406005477148,188.967322443244,10.2060576910431,0.458046652779771,MoV,0.3,0,0,0.7,0,2,100,51
0.3_0_0_0.7_0_3,51,2.33312093416483,-2.71810053695572,5.64023447022191,2.98544338984675,-0.226567583754262,-0.00203096375291704,-0.00187650495597762,-0.00323072245110495,0.370203343335094,189.079467762827,10.2621639680928,0.50109520344319,MoV,0.3,0,0,0.7,0,3,100,51
0.3_0_0_0_0.7_1,52,2.69756859995488,-3.09665819214394,8.02440956716068,4.33636219009377,-0.286809412523267,-0.0394910056500247,-0.00270918357529383,-0.00635489162905641,0.359755771214089,377.854155997509,14.7195836758985,1.5241675143004,MoW,0.3,0,0,0,0.7,1,100,52
0.3_0_0_0_0.7_2,52,2.70076614085148,-3.09665819214395,8.02371725412255,4.33601171422697,-0.285882852731502,-0.037897984729164,-0.000914246744298147,-0.00482064926963444,0.359721736718928,377.544423694997,14.733651614752,1.52364245042798,MoW,0.3,0,0,0,0.7,2,100,52
0.3_0_0_0_0.7_3,52,2.69014636907179,-3.11002141995612,7.93477991568853,4.29777455049805,-0.273209125164268,-0.0353699637327092,-0.000348222952436318,-0.00472043943293478,0.35096464275577,377.534630572338,14.6142624163544,1.51561809196774,MoW,0.3,0,0,0,0.7,3,100,52
0.428571428571429_0.21428571428571_0.0714285714285714_0.0714285714285714_0.214285714285714_1,37,2.51221835424451,-3.0878475624618,6.89677620273784,3.42924326642218,-0.266393073554095,-0.038328317460093,-0.00408056054785644,-0.00454292481693265,0.31197356000376,301.71366526899,12.0837696041526,4.12533053542418,MoNbTaVW,0.428571428571429,0.21428571428571,0.0714285714285714,0.0714285714285714,0.214285714285714,1,17,37
0.428571428571429_0.21428571428571_0.0714285714285714_0.0714285714285714_0.214285714285714_2,37,2.50694615414989,-3.08784756246178,6.89312190756521,3.42449956574333,-0.270116262827183,-0.0433078755788044,-0.00739902045068315,-0.00718360981139341,0.311815446866456,301.937772362166,12.034635064208,4.13704775375935,MoNbTaVW,0.428571428571429,0.21428571428571,0.0714285714285714,0.0714285714285714,0.214285714285714,2,17,37
0.428571428571429_0.21428571428571_0.0714285714285714_0.0714285714285714_0.214285714285714_3,37,2.49927492466836,-3.11002141995611,6.7610897208099,3.38910221546139,-0.248481308762678,-0.0365390410983622,-0.0097352801453527,-0.00535159681886467,0.299070020953907,301.463073269163,11.904197952207,4.02180065719764,MoNbTaVW,0.428571428571429,0.21428571428571,0.0714285714285714,0.0714285714285714,0.214285714285714,3,17,37
0.468262892970793_0.205354348088931_0.0988444935627599_0.168163171984643_0.0593750933928729_1,36,2.47756096298069,-3.09665819214396,6.6175089970696,3.28989587644671,-0.226626637114013,-0.0426333567881901,-0.000744950248837071,-0.00985667045049271,0.296664825401032,288.961544517986,11.6345908986718,4.18186510455838,MoNbTaVW,0.468262892970793,0.205354348088931,0.0988444935627599,0.168163171984643,0.0593750933928729,1,15,36
0.468262892970793_0.205354348088931_0.0988444935627599_0.168163171984643_0.0593750933928729_2,36,2.47535566346522,-3.09665819214396,6.63468933501566,3.2883360893405,-0.227952792149206,-0.0419814920363897,-0.00182669288342434,-0.0110959173331851,0.297436904606744,289.410876128475,11.641295681138,4.18373349506894,MoNbTaVW,0.468262892970793,0.205354348088931,0.0988444935627599,0.168163171984643,0.0593750933928729,2,15,36
0.468262892970793_0.205354348088931_0.0988444935627599_0.168163171984643_0.0593750933928729_3,36,2.47919326936713,-3.09665819214394,6.61966486371717,3.29091936916149,-0.22602055271384,-0.0398627422004863,0.00283873341238573,-0.00657605280094801,0.296756792306422,288.562059050023,11.6660675798657,4.17678365769527,MoNbTaVW,0.468262892970793,0.205354348088931,0.0988444935627599,0.168163171984643,0.0593750933928729,3,15,36
0.471211344493835_0.393716987664529_0.028239730499606_0.0173855623909212_0.0894463749511089_1,35,2.37815616330509,-3.00780485478827,6.17720332741677,3.06831059039617,-0.297696861585388,-0.054682779445106,-0.00995672541220561,-0.0129190327701742,0.302956863753676,259.872526302635,10.5960714722174,3.11131575933127,MoNbTaVW,0.471211344493835,0.393716987664529,0.028239730499606,0.0173855623909212,0.0894463749511089,1,2,35
0.471211344493835_0.393716987664529_0.028239730499606_0.0173855623909212_0.0894463749511089_2,35,2.37397282676201,-3.02002496612305,6.10740017235242,3.0464224117824,-0.288204285741324,-0.0528007139949934,-0.0100516865627389,-0.0113581998266255,0.295863755797014,259.465736913751,10.5182490971973,3.09948228517093,MoNbTaVW,0.471211344493835,0.393716987664529,0.028239730499606,0.0173855623909212,0.0894463749511089,2,2,35
0.471211344493835_0.393716987664529_0.028239730499606_0.0173855623909212_0.0894463749511089_3,35,2.36694452693457,-3.02002496612303,6.11353387065462,3.04682564333847,-0.288699806108301,-0.0523167898177927,-0.00919151605249919,-0.0129794815472427,0.296160080040721,260.269462451565,10.5228506802302,3.13118615695733,MoNbTaVW,0.471211344493835,0.393716987664529,0.028239730499606,0.0173855623909212,0.0894463749511089,3,2,35
0.4_0.6_0_0_0_1,38,2.23663176862764,-2.91877123241787,5.2757931086687,2.77352941884932,-0.306887615301451,-0.0587492212816511,0.00313366450837634,-0.0120638360862965,0.283052796358089,221.040817430714,9.19751903265395,2.50839414755276,MoNb,0.4,0.6,0,0,0,1,0,38
0.4_0.6_0_0_0_2,38,2.24413395014521,-2.8895720777256,5.39022267111133,2.81273579477664,-0.334903440623215,-0.0632634291207128,0.00176387331607266,-0.0124689950121815,0.297836334256225,220.918761458109,9.3019070766583,2.48316696893288,MoNb,0.4,0.6,0,0,0,2,0,38
0.4_0.6_0_0_0_3,38,2.25289372570802,-2.86120138059639,5.50047692677042,2.84084034902867,-0.369800618085832,-0.0736828165632795,-0.00297959097711616,-0.0153874419739856,0.312760157077186,220.930543934055,9.33596279951206,2.5305406651049,MoNb,0.4,0.6,0,0,0,3,0,38
0.4_0_0.6_0_0_1,39,2.24740094694679,-2.6063965473757,5.85232482546451,2.91464936724647,-0.575203998473968,-0.152869813614245,0.00239919896048985,0.00275320904106175,0.43006304566116,185.302056433935,9.23176900889388,3.01412772122807,MoTa,0.4,0,0.6,0,0,1,0,39
0.4_0_0.6_0_0_2,39,2.24566539193322,-2.6621212692138,5.65568616175326,2.89661595235759,-0.477677859389568,-0.136964296621905,-0.00708148171254478,-0.00916195734264673,0.392933343175354,186.925971752609,9.19633920121872,2.91810889078276,MoTa,0.4,0,0.6,0,0,2,0,39
0.4_0_0.6_0_0_3,39,2.24648217085864,-2.60639654737572,5.84710953400159,2.91193367469693,-0.577561688419314,-0.153905209285583,0.00233580350956604,0.000827504048345264,0.42968266826302,185.474343273317,9.20798074584746,3.00517908939805,MoTa,0.4,0,0.6,0,0,3,0,39
0.4_0_0_0.6_0_1,40,2.38486039097547,-2.73954086819359,5.88105124270261,3.14985541113176,-0.233269275095316,-0.0182874101205402,-0.00214423784917429,-0.00773987170968365,0.377773465988956,200.705616894369,10.7150552228416,1.57355413640784,MoV,0.4,0,0,0.6,0,1,0,40
0.4_0_0_0.6_0_2,40,2.39901451370629,-2.70306265959116,6.0524137270484,3.22576605945842,-0.258030457796534,-0.0238446806332734,-0.00442335508199381,-0.00841831450729698,0.403324837534397,200.4664199332,10.9407730446528,1.52540038747763,MoV,0.4,0,0,0.6,0,2,0,40
0.4_0_0_0.6_0_3,40,2.39391987898669,-2.71810053695571,5.98887179938208,3.1954000804971,-0.247421944136415,-0.0208899917208189,-0.00386307329699051,-0.00762352067635548,0.393094424501613,200.638604974881,10.8594948211981,1.5085518546551,MoV,0.4,0,0,0.6,0,3,0,40
0.4_0_0_0_0.6_1,41,2.6775471408709,-3.09665819214397,7.91128133924366,4.29131450976698,-0.284404698886408,-0.0397309294821622,-0.00592021960124113,-0.0079441212510151,0.354685750419288,374.069232165755,14.5203644973787,1.17457274073362,MoW,0.4,0,0,0,0.6,1,0,41
0.4_0_0_0_0.6_2,41,2.67545107787501,-3.10109278921181,7.87901406556499,4.27956208152071,-0.280492847506794,-0.0395389272718449,-0.00432888145707972,-0.00525035020665785,0.351658383309876,373.353665990789,14.4888838067516,1.15652899815634,MoW,0.4,0,0,0,0.6,2,0,41
0.4_0_0_0_0.6_3,41,2.66898905372162,-3.12356564506388,7.73166113919083,4.21315221782562,-0.261668144411263,-0.0353150065494586,-0.0020327012896441,-0.00267521988970226,0.337335264648487,372.753827326521,14.2918402555374,1.15633156497596,MoW,0.4,0,0,0,0.6,3,0,41
0.503329559403349_0.247824139044354_0.188119014393079_0.00428983457920873_0.0564374525800091_1,30,2.42767883118138,-3.22892616072169,6.29660750205987,2.91968596286832,-0.186948869030989,-0.0254977509129853,0.00420498526612606,-0.029616711420776,0.246986528850232,297.489925381981,10.7612260459992,6.44140389228037,MoNbTaVW,0.503329559403349,0.247824139044354,0.188119014393079,0.00428983457920873,0.0564374525800091,1,4,30
0.503329559403349_0.247824139044354_0.188119014393079_0.00428983457920873_0.0564374525800091_2,30,2.43234073340842,-3.17008566069878,6.4851151020721,3.05466186513605,-0.221963434457039,-0.0274921029049635,0.00395867503352377,-0.0170279879407291,0.269971531736807,294.30228353005,11.1368094647869,5.97105094196007,MoNbTaVW,0.503329559403349,0.247824139044354,0.188119014393079,0.00428983457920873,0.0564374525800091,2,4,30
0.503329559403349_0.247824139044354_0.188119014393079_0.00428983457920873_0.0564374525800091_3,30,2.37268290734494,-3.31869616015041,5.95725233038761,2.72565814922289,-0.153983431307519,-0.0156429643975868,0.00714693874985303,-0.0243758763877473,0.213396674573473,296.526964070562,10.2055909588762,6.80577922675688,MoNbTaVW,0.503329559403349,0.247824139044354,0.188119014393079,0.00428983457920873,0.0564374525800091,3,4,30
0.504239736400679_0.247380428204709_0.204703754034917_0.037834383181405_0.00584169817828904_1,29,2.36241531145456,-3.27544617635657,6.07718252508223,2.72545702421995,-0.166454461151223,-0.0169561946994633,-0.0111443428744506,-0.00550628739130146,0.227445327690659,276.129310033615,10.2999096821739,6.91088967351872,MoNbTaVW,0.504239736400679,0.247380428204709,0.204703754034917,0.037834383181405,0.00584169817828904,1,5,29
0.504239736400679_0.247380428204709_0.204703754034917_0.037834383181405_0.00584169817828904_2,29,2.40876236833186,-3.24933503235291,6.3154900648032,2.76111821928863,-0.17859674582286,-0.0218788745540488,-0.0123180366479017,-0.0107596706418263,0.242685601316249,276.423984122607,10.5435697832821,6.86487932378564,MoNbTaVW,0.504239736400679,0.247380428204709,0.204703754034917,0.037834383181405,0.00584169817828904,2,5,29
0.504239736400679_0.247380428204709_0.204703754034917_0.037834383181405_0.00584169817828904_3,29,2.41615363458751,-3.07911388249305,5.97457139585483,3.26076199621719,-0.183990769811437,-0.0771581826076774,0.0407076746576109,-0.0370656351044511,0.272556114431039,286.974567424239,10.9832591311952,3.95274266024027,MoNbTaVW,0.504239736400679,0.247380428204709,0.204703754034917,0.037834383181405,0.00584169817828904,3,5,29
0.511625604836722_0.228321557179184_0.217815058158683_0.0118242338074101_0.0304135460180009_1,28,2.43985053629495,-2.97201574693667,5.90126568948062,3.480427007145,-0.119013174128804,-0.209093454823391,0.121577817170151,-0.106854096329037,0.299749950991884,269.20182047496,11.1177557080338,5.6576262805586,MoNbTaVW,0.511625604836722,0.228321557179184,0.217815058158683,0.0118242338074101,0.0304135460180009,1,8,28
0.511625604836722_0.228321557179184_0.217815058158683_0.0118242338074101_0.0304135460180009_2,28,2.44694565527626,-2.98380370268871,5.90382688858665,3.45324158876603,-0.135138548340021,-0.195173023280455,0.111175373639256,-0.0993282611268318,0.296363963251126,273.469001109268,11.0667511147413,5.34187221111246,MoNbTaVW,0.511625604836722,0.228321557179184,0.217815058158683,0.0118242338074101,0.0304135460180009,2,8,28
0.511625604836722_0.228321557179184_0.217815058158683_0.0118242338074101_0.0304135460180009_3,28,2.4421568152061,-2.98380370268873,5.80392756067977,3.45142210581606,-0.0969579028308115,-0.212640060286752,0.1309679435053,-0.107144426067266,0.291292665570603,269.029517995602,11.0348732550499,5.70940340397664,MoNbTaVW,0.511625604836722,0.228321557179184,0.217815058158683,0.0118242338074101,0.0304135460180009,3,8,28
0.517148450160615_0.331375807305149_0.115906166820041_0.000380151477743418_0.035189424236_1,27,2.39801677899686,-3.02825546525955,5.84099949397556,3.22583946487229,-0.184117010348286,-0.132359830250658,0.065779967478631,-0.070791243236528,0.280455090902878,276.411042577937,10.6224204149716,5.20659435926553,MoNbTaVW,0.517148450160615,0.331375807305149,0.115906166820041,0.000380151477743418,0.035189424236,1,16,27
0.517148450160615_0.331375807305149_0.115906166820041_0.000380151477743418_0.035189424236_2,27,2.38192986253834,-3.06187207605855,5.6745595852462,3.15574159839545,-0.154968186181353,-0.12654393825328,0.0687878401966609,-0.0723669973765405,0.263357609623962,279.80176993291,10.4171670635933,5.23624206694117,MoNbTaVW,0.517148450160615,0.331375807305149,0.115906166820041,0.000380151477743418,0.035189424236,2,16,27
0.517148450160615_0.331375807305149_0.115906166820041_0.000380151477743418_0.035189424236_3,27,2.39369982586077,-3.04072963948472,5.78060072633774,3.1986407220733,-0.176065218200308,-0.127997086138189,0.0654776768247425,-0.0717732392130091,0.274080854857065,278.282676494101,10.5400456103179,5.16299136694579,MoNbTaVW,0.517148450160615,0.331375807305149,0.115906166820041,0.000380151477743418,0.035189424236,3,16,27
0.558945134699421_0.224767879224168_0.0360116057942282_0.00575377413400183_0.174521606148182_1,26,2.47897797185589,-3.12812146159975,6.62351688452304,3.29267534477743,-0.217134301835384,-0.0377372130606294,0.00377050455861871,-0.00801300355673728,0.287647464149719,296.914330297015,11.6950436342113,4.18715446251909,MoNbTaVW,0.558945134699421,0.224767879224168,0.0360116057942282,0.00575377413400183,0.174521606148182,1,12,26
0.558945134699421_0.224767879224168_0.0360116057942282_0.00575377413400183_0.174521606148182_2,26,2.48169863434263,-3.12812146159972,6.61365694536617,3.29129777295965,-0.217516069154848,-0.0383793346207684,0.00201868842939046,-0.0101583469343566,0.287221870967338,297.30277554342,11.6694255522258,4.18482103005612,MoNbTaVW,0.558945134699421,0.224767879224168,0.0360116057942282,0.00575377413400183,0.174521606148182,2,12,26
0.558945134699421_0.224767879224168_0.0360116057942282_0.00575377413400183_0.174521606148182_3,26,2.48446083933856,-3.1190304898985,6.66672397135077,3.31242101814982,-0.224490484920621,-0.0397839616115482,0.000956574864356622,-0.0104743951827465,0.292199044391292,297.36726033127,11.736511337707,4.21329088259089,MoNbTaVW,0.558945134699421,0.224767879224168,0.0360116057942282,0.00575377413400183,0.174521606148182,3,12,26
0.563095086535493_0.21996689987593_0.0430743302859987_0.167507649400474_0.00635603390210454_1,25,2.49187102561294,-3.04492251774477,6.59485538565418,3.53953985594796,-0.261098602456065,-0.0464855422618553,-0.0053421752273684,-0.0103833613843895,0.311513387366801,297.966843253568,11.9430413833964,2.12836080332449,MoNbTaVW,0.563095086535493,0.21996689987593,0.0430743302859987,0.167507649400474,0.00635603390210454,1,10,25
0.563095086535493_0.21996689987593_0.0430743302859987_0.167507649400474_0.00635603390210454_2,25,2.48227124192545,-3.06615473785055,6.48103496207319,3.49149274414063,-0.245688412630059,-0.040379172576582,-0.00275531759436722,-0.00694974710096279,0.299643420364534,297.701533893751,11.8121486305544,1.97461150887558,MoNbTaVW,0.563095086535493,0.21996689987593,0.0430743302859987,0.167507649400474,0.00635603390210454,2,10,25
0.563095086535493_0.21996689987593_0.0430743302859987_0.167507649400474_0.00635603390210454_3,25,2.47998495876122,-3.07477548089445,6.43178685029167,3.47071515228899,-0.236242650327296,-0.0394404997494348,-0.00288552396301387,-0.0106261773346611,0.294787240579166,298.427505937343,11.7388892789021,2.11927825100579,MoNbTaVW,0.563095086535493,0.21996689987593,0.0430743302859987,0.167507649400474,0.00635603390210454,3,10,25
0.566554128633503_0.211354081867463_0.179894259081616_0.0376029042700819_0.00459462614733669_1,24,2.48402950335234,-3.01186165548389,6.04387057164826,3.57152486458968,-0.0954879125785229,-0.212974916226774,0.129117236459108,-0.116090880540553,0.294877372927669,292.124916174695,11.4520739508687,5.8358882345234,MoNbTaVW,0.566554128633503,0.211354081867463,0.179894259081616,0.0376029042700819,0.00459462614733669,1,6,24
0.566554128633503_0.211354081867463_0.179894259081616_0.0376029042700819_0.00459462614733669_2,24,2.48362685473584,-3.01186165548386,6.14935268133069,3.5847991712966,-0.129835161193961,-0.180729115658071,0.108081803288732,-0.0992790727003112,0.300079249462549,294.914854852931,11.5776997049258,5.41808932731377,MoNbTaVW,0.566554128633503,0.211354081867463,0.179894259081616,0.0376029042700819,0.00459462614733669,2,6,24
0.566554128633503_0.211354081867463_0.179894259081616_0.0376029042700819_0.00459462614733669_3,24,2.47118675188766,-3.02002496612305,5.94652141076536,3.54246948935919,-0.0680552574620405,-0.221147122699505,0.142672810660845,-0.115058044229307,0.287708486854385,289.305687302306,11.3844579464618,5.82924849063082,MoNbTaVW,0.566554128633503,0.211354081867463,0.179894259081616,0.0376029042700819,0.00459462614733669,3,6,24
0.59021386_0.23574696_0.0979682_0.03833502_0.03773596_1,23,2.47405194755838,-3.12812146159975,6.72413421192958,3.23312534699527,-0.225566333941031,-0.0380385239584935,-0.0051226288834065,-0.00817416419776397,0.292031791130488,292.098250693939,11.6496086542352,4.08215832476512,MoNbTaVW,0.59021386,0.23574696,0.0979682,0.03833502,0.03773596,1,1,23
0.59021386_0.23574696_0.0979682_0.03833502_0.03773596_2,23,2.48536653943539,-3.10554713956121,6.83165176705336,3.28479395353941,-0.243423955099445,-0.0445696851072774,-0.00916324350627462,-0.00933140703173153,0.303550107509923,292.105669723774,11.776795965035,4.06644748610209,MoNbTaVW,0.59021386,0.23574696,0.0979682,0.03833502,0.03773596,2,1,23
0.59021386_0.23574696_0.0979682_0.03833502_0.03773596_3,23,2.47648433188455,-3.12812146159974,6.72408416481536,3.23556311296919,-0.2278365867247,-0.0397555883845202,-0.00521703535812007,-0.00634564704817372,0.292031724694646,291.828130170295,11.649509657333,4.08527375216216,MoNbTaVW,0.59021386,0.23574696,0.0979682,0.03833502,0.03773596,3,1,23
0.5_0.5_0_0_0_1,31,2.29895859844831,-2.94503915923847,5.51730110383662,2.97427265264601,-0.299343133243888,-0.061680577223077,0.00957953707454306,-0.0228051807993245,0.288256352671838,242.049815256747,9.77911600696703,2.26641669441505,MoNb,0.5,0.5,0,0,0,1,100,31
0.5_0.5_0_0_0_2,31,2.30599307004102,-2.92620621090538,5.59886185636255,3.00149271906075,-0.318502450107092,-0.0645748913697733,0.00859053572666895,-0.0225931019101077,0.298130405698005,241.70187449444,9.85634356648548,2.28600564581813,MoNb,0.5,0.5,0,0,0,2,100,31
0.5_0.5_0_0_0_3,31,2.30027523201489,-2.94503915923848,5.51562210667112,2.97238382679049,-0.299726920756987,-0.0612370842546976,0.00799453747072978,-0.0247974535220948,0.288170974879536,242.562922863186,9.76419870568665,2.27607734423852,MoNb,0.5,0.5,0,0,0,3,100,31
0.5_0_0.5_0_0_1,32,2.28486393022349,-2.78709340844265,5.79284827976111,2.94111308098644,-0.391749000605893,-0.115945380796206,-0.0146159243408955,-0.0245799532716739,0.35490566089961,209.393924588837,9.58524787035351,3.86826106212742,MoTa,0.5,0,0.5,0,0,1,100,32
0.5_0_0.5_0_0_2,32,2.28593694925832,-2.84043938914796,5.5842513858443,2.88908419404313,-0.312938976613549,-0.087355839903657,-0.00377000467979182,-0.0202297991468559,0.324187540417906,209.720540689256,9.57597701446446,3.79647722193558,MoTa,0.5,0,0.5,0,0,2,100,32
0.5_0_0.5_0_0_3,32,2.28277812207105,-2.8612013805964,5.4992171749982,2.86400078734905,-0.288299900227041,-0.0800623846544846,0.00050409890414388,-0.0200426159912915,0.312630294408284,210.11540896533,9.53266457455595,3.80497055953123,MoTa,0.5,0,0.5,0,0,3,100,32
0.5_0_0_0.5_0_1,33,2.41960495657271,-2.78709340844267,6.12265895573688,3.28260453560272,-0.242757323822018,-0.0274499786493067,-0.00560497724497194,-0.00478488855003122,0.374928880520231,216.935472889239,11.1391784655216,1.15747383433961,MoV,0.5,0,0,0.5,0,1,100,33
0.5_0_0_0.5_0_2,33,2.42708894107684,-2.77099000087608,6.19982272361191,3.31535367581667,-0.255346011787205,-0.0313208054549791,-0.00746069617606883,-0.00540361753006914,0.385864346011399,216.824586769518,11.228500581563,1.19196921578865,MoV,0.5,0,0,0.5,0,2,100,33
0.5_0_0_0.5_0_3,33,2.41366187869745,-2.79360808946385,6.08653534489669,3.26678945021755,-0.238959197906601,-0.0269793118045264,-0.00475627342992803,-0.00452518958009927,0.370279156470224,216.829419830447,11.0883881344157,1.16762615734435,MoV,0.5,0,0,0.5,0,3,100,33
0.5_0_0_0_0.5_1,34,2.66668662166168,-3.10554713956118,7.76342881054796,4.2374670426664,-0.27276552157533,-0.0409093390151835,-0.00358376196292441,-0.00702804284334617,0.344941367973703,371.020384472469,14.311151126853,0.794806751178568,MoW,0.5,0,0,0,0.5,1,100,34
0.5_0_0_0_0.5_2,34,2.66857586707639,-3.10554713956119,7.76034678702431,4.23915424778678,-0.269949398422802,-0.0395043490437602,-0.00310878981788967,-0.00647431110805576,0.344801138990956,370.6891796886,14.3235131755321,0.809180545776161,MoW,0.5,0,0,0,0.5,2,100,34
0.5_0_0_0_0.5_3,34,2.66817330834915,-3.1055471395612,7.76574837416086,4.23923109478208,-0.273511316053706,-0.0398841423410355,-0.000350916381004766,-0.00464806177983025,0.345041040496938,371.01853994545,14.3331632398188,0.812003115298893,MoW,0.5,0,0,0,0.5,3,100,34
0.606956822620089_0.18075601024351_0.0533219540481665_0.0566851789925438_0.102280034095691_1,18,2.51812966805879,-3.11002141995611,6.70196852880664,3.48835605847873,-0.215197970663278,-0.0516554130286081,0.0113891063940786,-0.0227371222750963,0.296403514332657,312.030888787936,12.0576705485466,4.23511731520839,MoNbTaVW,0.606956822620089,0.18075601024351,0.0533219540481665,0.0566851789925438,0.102280034095691,1,14,18
0.606956822620089_0.18075601024351_0.0533219540481665_0.0566851789925438_0.102280034095691_2,18,2.51506307478719,-3.1100214199561,6.7093677969328,3.49047770293907,-0.214066487435825,-0.0511426583849388,0.0110812353226255,-0.0233726856029977,0.29672991622637,312.238877217876,12.0697828137814,4.18600846675263,MoNbTaVW,0.606956822620089,0.18075601024351,0.0533219540481665,0.0566851789925438,0.102280034095691,2,14,18
0.606956822620089_0.18075601024351_0.0533219540481665_0.0566851789925438_0.102280034095691_3,18,2.51845001484355,-3.11002141995612,6.7035158960314,3.49022400716754,-0.21274904700321,-0.0494018823074833,0.0126792492218522,-0.0234449336139244,0.296468283258925,312.446417978173,12.0748873277639,4.18364832993548,MoNbTaVW,0.606956822620089,0.18075601024351,0.0533219540481665,0.0566851789925438,0.102280034095691,3,14,18
0.623479547679616_0.202328663221231_0.124409271244214_0.0492229729861422_0.000559544868797162_1,17,2.50857245194517,-3.13269812862714,6.83457874650806,3.32907416657523,-0.222896192583525,-0.0356851106371032,0.000240015748773815,-0.00685146189341622,0.295449705168956,301.186057682885,11.9547311745215,4.57413681749637,MoNbTaVW,0.623479547679616,0.202328663221231,0.124409271244214,0.0492229729861422,0.000559544868797162,1,18,17
0.623479547679616_0.202328663221231_0.124409271244214_0.0492229729861422_0.000559544868797162_2,17,2.50275514768293,-3.13269812862714,6.82997689268282,3.32425746099101,-0.223508029551163,-0.0352549523389136,-0.00116783975112026,-0.00710265822950352,0.295253044178214,300.786068244606,11.9370424791854,4.49049221078336,MoNbTaVW,0.623479547679616,0.202328663221231,0.124409271244214,0.0492229729861422,0.000559544868797162,2,18,17
0.623479547679616_0.202328663221231_0.124409271244214_0.0492229729861422_0.000559544868797162_3,17,2.49106612993762,-3.15590102570682,6.70249224178521,3.27475577534058,-0.207225677094196,-0.0353750271147245,-0.00360136784312483,-0.00719112239572112,0.283031576698207,300.218238994571,11.7521043792028,4.43159160417272,MoNbTaVW,0.623479547679616,0.202328663221231,0.124409271244214,0.0492229729861422,0.000559544868797162,3,18,17
0.6_0.4_0_0_0_1,19,2.39948434193646,-2.96811710652102,6.12293008975435,3.2849540830644,-0.308253499033231,-0.0641479795323826,0.00377707499931502,-0.0147575967560671,0.312539070477232,266.863507988803,10.9003202070324,2.41376952208134,MoNb,0.6,0.4,0,0,0,1,0,19
0.6_0.4_0_0_0_2,19,2.39107970541923,-2.99974029495153,5.95412378387308,3.23001479916819,-0.274408938061439,-0.0574837526999328,0.0069910225926271,-0.0166280606045173,0.294369561355618,267.778168599934,10.7306642189186,2.36705275611306,MoNb,0.6,0.4,0,0,0,2,0,19
0.6_0.4_0_0_0_3,19,2.39897551416528,-2.96811710652101,6.1069129852185,3.28634866908758,-0.305526370047902,-0.0631259986036519,0.00504911791719193,-0.017403186570698,0.311717960410643,267.578891094099,10.8909814476936,2.37073955097686,MoNb,0.6,0.4,0,0,0,3,0,19
0.6_0_0.4_0_0_1,20,2.35058241518883,-2.90042209374965,6.07923011337939,3.04121129018107,-0.333181883706832,-0.067558225745458,-0.0195264390884301,-0.00709441675861478,0.332268525434611,234.680956882903,10.3332027025948,2.83457885209421,MoTa,0.6,0,0.4,0,0,1,0,20
0.6_0_0.4_0_0_2,20,2.34771136143922,-2.92248181181441,5.98412242133006,3.01071403955399,-0.305730529348233,-0.0569481442540614,-0.0146855255455303,-0.00456345295423243,0.319864554425288,234.28816943234,10.2932805935482,2.82913581056331,MoTa,0.6,0,0.4,0,0,2,0,20
0.6_0_0.4_0_0_3,20,2.34930047274418,-2.92248181181441,5.98506447919829,3.00908589550541,-0.307505145943301,-0.0576993337293951,-0.0141560303256872,-0.00356795901942825,0.319915847780213,234.08692578161,10.2900592812566,2.8456922802981,MoTa,0.6,0,0.4,0,0,3,0,20
0.6_0_0_0.4_0_1,21,2.47326997810222,-2.82346105261354,6.47084321861714,3.46373495671334,-0.267016638790407,-0.0388001202906425,-0.00613603570757204,-0.00728265026305063,0.382025844093427,237.531637191687,11.7072615588503,1.64474940563331,MoV,0.6,0,0,0.4,0,1,0,21
0.6_0_0_0.4_0_2,21,2.45988642414122,-2.84043938914795,6.38145939629782,3.42738078460273,-0.253294279630639,-0.0367627198184756,-0.00512659252708578,-0.00640251088733943,0.37035730018454,237.31777608631,11.5956623394767,1.62258371505474,MoV,0.6,0,0,0.4,0,2,0,21
0.6_0_0_0.4_0_3,21,2.47013620844709,-2.82346105261353,6.45791895418911,3.46653210677402,-0.266035866125328,-0.0410986671626273,-0.00655308344886497,-0.00797310492250289,0.381262041234605,237.343027812887,11.6922284278317,1.58859179234205,MoV,0.6,0,0,0.4,0,3,0,21
0.6_0_0_0_0.4_1,22,2.66536347705617,-3.10109278921181,7.74407953472264,4.23130978149259,-0.26613018342045,-0.0403672159703139,-0.00176000115327292,-0.00803825995858254,0.345624362797213,368.59698562065,14.2992878640991,1.09432741601672,MoW,0.6,0,0,0,0.4,1,0,22
0.6_0_0_0_0.4_2,22,2.66548842459144,-3.10109278921183,7.74303153170309,4.23014879717052,-0.265785225178855,-0.0392307792861633,-0.00202300495570281,-0.0098715404788009,0.345577959820546,369.187297296443,14.2938310792853,1.08989505324967,MoW,0.6,0,0,0,0.4,2,0,22
0.6_0_0_0_0.4_3,22,2.66357961744452,-3.10109278921182,7.74122829089332,4.22971263763353,-0.266229950420306,-0.0399045691417228,-0.00198252888547488,-0.0100040645689868,0.345497896764649,369.217442454783,14.2883505291975,1.10856785528161,MoW,0.6,0,0,0,0.4,3,0,22
0.7_0.3_0_0_0_1,13,2.43802021684973,-3.01593498087152,6.27956254245127,3.38449192305993,-0.276283875068506,-0.0610443073216019,0.00244548187858351,-0.0180544485477007,0.305435116883468,282.93244095863,11.2914144907417,2.78375039393024,MoNb,0.7,0.3,0,0,0,1,100,13
0.7_0.3_0_0_0_2,13,2.43050763701839,-3.03655426807426,6.17707948534761,3.34391946355791,-0.255265341652536,-0.0567834894267195,0.000616229769693933,-0.0181467072380448,0.294260708383042,282.690668544656,11.1700888626089,2.71715120997042,MoNb,0.7,0.3,0,0,0,2,100,13
0.7_0.3_0_0_0_3,13,2.44545973216423,-3.01593498087151,6.28192987000489,3.38688371055981,-0.273887613063201,-0.0614749097326654,0.000813899699317137,-0.0155099831543062,0.305549185620194,281.642121532097,11.3049666049355,2.75518098884996,MoNb,0.7,0.3,0,0,0,3,100,13
0.7_0_0.3_0_0_1,14,2.41897427241566,-2.98776410390482,6.18748751069688,3.23539010870022,-0.273923336271759,-0.0551403097013657,-0.00726601291334642,-0.0107066478688476,0.30964235307236,262.122734586697,10.9583802634339,3.22427325945325,MoTa,0.7,0,0.3,0,0,1,100,14
0.7_0_0.3_0_0_2,14,2.42170743979493,-2.97592964625781,6.24422337950846,3.26269217126857,-0.282844442922698,-0.0577908047246149,-0.00607402684640377,-0.00773339236979325,0.316231329635797,261.232051531205,11.048106541246,3.20237861701279,MoTa,0.7,0,0.3,0,0,2,100,14
0.7_0_0.3_0_0_3,14,2.41999101045694,-2.98776410390482,6.18652884605486,3.23836620474733,-0.271968717417675,-0.0537171141787012,-0.00555171215958134,-0.00981459119810273,0.309590405655436,262.047339763527,10.9777483984814,3.22028367783465,MoTa,0.7,0,0.3,0,0,3,100,14
0.7_0_0_0.3_0_1,15,2.49760281570397,-2.90042209374968,6.6817095534434,3.58253375433176,-0.264307408858297,-0.0385264009755826,-0.00732760637083511,-0.00309069847306476,0.36506615324956,261.618024177626,12.1364559343151,0.177859781701819,MoV,0.7,0,0,0.3,0,1,100,15
0.7_0_0_0.3_0_2,15,2.49795327369039,-2.90042209374967,6.67772149009703,3.5803319571464,-0.26516517308083,-0.0385180037700915,-0.00678168238297893,-0.00231773666332224,0.364848247744429,261.415254696525,12.1306385201017,0.196682189939963,MoV,0.7,0,0,0.3,0,2,100,15
0.7_0_0_0.3_0_3,15,2.48860888142558,-2.91507437053654,6.6017862756586,3.5484482665725,-0.252365931244207,-0.0360223173734009,-0.00685219756615655,-0.00300696817706401,0.355409807220371,261.588355283552,12.0315742697569,0.191828689862502,MoV,0.7,0,0,0.3,0,3,100,15
0.7_0_0_0_0.3_1,16,2.65514108852766,-3.11451580954395,7.6428721690194,4.16993781552373,-0.249594763518495,-0.0363449988449821,-0.00130127491372228,-0.00756806724770772,0.336512752290816,366.040064221251,14.1408599079652,1.44429817861092,MoW,0.7,0,0,0,0.3,1,100,16
0.7_0_0_0_0.3_2,16,2.66469735275693,-3.10554713956121,7.70119155952061,4.19494166174461,-0.258268899612871,-0.0379767948933066,-0.000418321705514374,-0.00703497448820401,0.342166030590751,366.109288863063,14.2234595403894,1.44169496671084,MoW,0.7,0,0,0,0.3,2,100,16
0.7_0_0_0_0.3_3,16,2.66321638906312,-3.10554713956121,7.70070146249541,4.19459940965931,-0.25870259916165,-0.0384814269666406,-0.000786580949428829,-0.00681466379091287,0.342144948839493,365.968233157475,14.2198013599449,1.44696979224752,MoW,0.7,0,0,0,0.3,3,100,16
0.814335266097612_0.0589115655753951_0.118164052719972_0.00598667383669466_0.00260244177032586_1,8,2.5478526854188,-3.10554713956119,6.8864327779434,3.64592077813327,-0.213949557697604,-0.0431820926332536,0.0117102837107197,-0.0157623588034525,0.305932666083493,320.931500842162,12.5576885768762,3.54907275063732,MoNbTaVW,0.814335266097612,0.0589115655753951,0.118164052719972,0.00598667383669466,0.00260244177032586,1,13,8
0.814335266097612_0.0589115655753951_0.118164052719972_0.00598667383669466_0.00260244177032586_2,8,2.54229851882843,-3.1055471395612,6.88393300974654,3.64283031912137,-0.214814714621382,-0.0434695418247517,0.0101907837406349,-0.0175621719357575,0.305824168206136,321.226535816491,12.5379264342792,3.29111644765632,MoNbTaVW,0.814335266097612,0.0589115655753951,0.118164052719972,0.00598667383669466,0.00260244177032586,2,13,8
0.814335266097612_0.0589115655753951_0.118164052719972_0.00598667383669466_0.00260244177032586_3,8,2.54588008949297,-3.10554713956119,6.88046160284458,3.64139838531614,-0.216293991760265,-0.0441896463955437,0.0116112242934536,-0.0158035462870621,0.305669722981557,320.87482382252,12.5359372380312,3.62126422016087,MoNbTaVW,0.814335266097612,0.0589115655753951,0.118164052719972,0.00598667383669466,0.00260244177032586,3,13,8
0.892361367698419_0.0543762491805898_0.050432339005261_0.000514273781817776_0.00231577033391291_1,7,2.65037508118284,-3.03655426807424,7.45788510825695,4.16302423041135,-0.251072522309242,-0.0590634917544389,0.0226625465812023,-0.0230115358479909,0.355190739832867,345.016872358269,13.9077648940157,2.73882995944295,MoNbTaVW,0.892361367698419,0.0543762491805898,0.050432339005261,0.000514273781817776,0.00231577033391291,1,11,7
0.892361367698419_0.0543762491805898_0.050432339005261_0.000514273781817776_0.00231577033391291_2,7,2.62962776744716,-3.06615473785053,7.26277496287685,4.0746707279717,-0.228929378746177,-0.0572262128441194,0.0246880704821915,-0.0239683027643494,0.335713732780208,346.164994918224,13.6155298914115,2.74377868768349,MoNbTaVW,0.892361367698419,0.0543762491805898,0.050432339005261,0.000514273781817776,0.00231577033391291,2,11,7
0.892361367698419_0.0543762491805898_0.050432339005261_0.000514273781817776_0.00231577033391291_3,7,2.64884123640014,-3.03655426807424,7.46266555967775,4.16302720635391,-0.251718500503048,-0.0592199243647487,0.0198406869192007,-0.0234263518758748,0.355422082956868,344.929717463755,13.9017665320782,2.72805992575208,MoNbTaVW,0.892361367698419,0.0543762491805898,0.050432339005261,0.000514273781817776,0.00231577033391291,3,11,7
0.8_0.2_0_0_0_1,9,2.52898110884354,-3.06615473785054,6.84684827435685,3.68576597875373,-0.258183958950243,-0.0381011465877588,-0.0052584758979237,-0.00371308239138119,0.316562580035618,312.960163783827,12.4925766913822,0.738469546496447,MoNb,0.8,0.2,0,0,0,1,0,9
0.8_0.2_0_0_0_2,9,2.52868364647137,-3.06615473785054,6.84606487805461,3.68560320666676,-0.257747422965805,-0.0380147036712594,-0.00576362850828164,-0.00441780879124314,0.31652666760952,313.06932110604,12.4892487540957,0.723545397899893,MoNb,0.8,0.2,0,0,0,2,0,9
0.8_0.2_0_0_0_3,9,2.53478107367115,-3.05336138639064,6.91913097882364,3.71665409193737,-0.268835201877746,-0.0417935874017531,-0.00846409802052827,-0.00652971861659426,0.324066998379156,313.412871211457,12.5688167743652,0.78619791661862,MoNb,0.8,0.2,0,0,0,3,0,9
0.8_0_0.2_0_0_1,10,2.48145110302411,-3.03239625792559,6.46429044654205,3.534866443294,-0.249991368637726,-0.0485883658300158,-0.00283927411347795,-0.00777862807497538,0.309215138184387,291.425755403702,11.8381889224959,1.41161915563215,MoTa,0.8,0,0.2,0,0,1,0,10
0.8_0_0.2_0_0_2,10,2.48922663627557,-3.01186165548388,6.57737924872408,3.58069120578446,-0.271289118193324,-0.0558830720475861,-0.00552206941787544,-0.00825242393852928,0.321219989828296,291.384707222896,11.9569270071321,1.40656150844183,MoTa,0.8,0,0.2,0,0,2,0,10
0.8_0_0.2_0_0_3,10,2.48648866317015,-3.01186165548386,6.57334425394338,3.58239004348938,-0.268865670710999,-0.0564682049555127,-0.00739996903445288,-0.0106413495798199,0.321023254221106,291.659098054384,11.947456431479,1.45664958103994,MoTa,0.8,0,0.2,0,0,3,0,10
0.8_0_0_0.2_0_1,11,2.54140338407348,-2.97201574693667,6.93540689154649,3.7396132664075,-0.256456596638707,-0.0382957951870559,-0.00718426976808562,-0.00496279568276109,0.352557164974968,289.936795715126,12.6708379469259,0.215758620916203,MoV,0.8,0,0,0.2,0,1,0,11
0.8_0_0_0.2_0_2,11,2.53486552657932,-2.98380370268871,6.86585238399765,3.70888586842572,-0.247371839841458,-0.0357376786095608,-0.00538828122835174,-0.00314407423850761,0.344893868570605,289.519946179593,12.5847274187516,0.2161640286653,MoV,0.8,0,0,0.2,0,2,0,11
0.8_0_0_0.2_0_3,11,2.53192536194261,-2.98380370268871,6.86704487987973,3.70928710790764,-0.246855451063108,-0.0358078144872527,-0.00641508882822726,-0.00441802609876673,0.344954722968535,289.784991873828,12.5809808070231,0.207333984406786,MoV,0.8,0,0,0.2,0,3,0,11
0.8_0_0_0_0.2_1,12,2.67451556339374,-3.0878475624618,7.80979828393558,4.23470577096735,-0.262355036368795,-0.0340580739903608,-0.00121260230555203,-0.00255033712004678,0.353241094355727,362.363110830558,14.412787989881,1.34853754919579,MoW,0.8,0,0,0,0.2,1,0,12
0.8_0_0_0_0.2_2,12,2.66165918892896,-3.11002141995613,7.66344656221141,4.16550774692488,-0.247648043337664,-0.0323199544228236,-0.00100109985294695,-0.00212231697716562,0.338949387605057,362.245216799386,14.1848636674871,1.35206143224089,MoW,0.8,0,0,0,0.2,2,0,12
0.8_0_0_0_0.2_3,12,2.66342974573034,-3.1010927892118,7.72334927002048,4.19243879800857,-0.254087611950612,-0.0329613090304573,-0.000919069389325842,-0.00191570247140983,0.34469205813806,362.216959870715,14.2765883701781,1.37283915193796,MoW,0.8,0,0,0,0.2,3,0,12
0.918226197538887_0.038983258285797_0.0044496918884794_0.0239469427371686_0.0143939095496682_1,2,2.65877734918923,-3.04492251774476,7.77411459722115,4.1718730448036,-0.275758526999862,-0.0363438367100901,-0.000168265030895305,-0.00115762481384854,0.367181433010012,344.931508555373,14.2429616485375,0.603595338950294,MoNbTaVW,0.918226197538887,0.038983258285797,0.0044496918884794,0.0239469427371686,0.0143939095496682,1,9,2
0.918226197538887_0.038983258285797_0.0044496918884794_0.0239469427371686_0.0143939095496682_2,2,2.65572330499091,-3.05336138639062,7.71815153370786,4.14706390016888,-0.269180880839872,-0.0357607147867098,-0.000305127333366398,-0.00133291247085352,0.361447045157748,344.911798921226,14.158967322822,0.597032801729633,MoNbTaVW,0.918226197538887,0.038983258285797,0.0044496918884794,0.0239469427371686,0.0143939095496682,2,9,2
0.918226197538887_0.038983258285797_0.0044496918884794_0.0239469427371686_0.0143939095496682_3,2,2.67547986417338,-3.02413174807568,7.90882381955002,4.23335217745899,-0.291485273629137,-0.0380686426527624,0.000513989624073266,-0.000122309994298551,0.381461690944101,344.643444104113,14.4503653370627,0.587307953359292,MoNbTaVW,0.918226197538887,0.038983258285797,0.0044496918884794,0.0239469427371686,0.0143939095496682,3,9,2
0.9_0.1_0_0_0_1,3,2.58936878432252,-3.08784756246181,7.21087212779104,3.83657214996371,-0.24385043179453,-0.0318558358947167,-0.00427677230080181,-0.00152373200340975,0.326167627235358,328.462232703832,13.1707083942588,1.84827744899842,MoNb,0.9,0.1,0,0,0,1,100,3
0.9_0.1_0_0_0_2,3,2.59508635279034,-3.07911388249303,7.25947765164176,3.86260323017707,-0.248763856573298,-0.031562027809802,-0.00319840094109876,-4.1355716540643e-05,0.331270571631827,328.199637245388,13.2616292268054,1.85633943363817,MoNb,0.9,0.1,0,0,0,2,100,3
0.9_0.1_0_0_0_3,3,2.58800107403575,-3.0878475624618,7.20766944219277,3.83764492290124,-0.242722733379687,-0.0294358118671841,-0.000769300834458329,0.00255218842378535,0.326016791965889,327.640062592045,13.1992835660942,1.84611525017183,MoNb,0.9,0.1,0,0,0,3,100,3
0.9_0_0.1_0_0_1,4,2.57143554954887,-3.07477548089446,7.01653128468053,3.81734693470028,-0.235074541366313,-0.0350192563625569,0.00444327866516597,-0.00641262389140813,0.321566005610397,324.189020443093,12.964794161338,2.27854244955058,MoTa,0.9,0,0.1,0,0,1,100,4
0.9_0_0.1_0_0_2,4,2.5715154635665,-3.06615473785054,7.06585286622994,3.83737307080129,-0.244694394284908,-0.0389188163384224,0.00128176308111762,-0.0091704856398172,0.326663637390041,324.728655658741,13.0013854767878,2.27223256582721,MoTa,0.9,0,0.1,0,0,2,100,4
0.9_0_0.1_0_0_3,4,2.56582209465438,-3.0878475624618,6.93887805766306,3.77756584995836,-0.229080225769129,-0.0345010339680054,0.00366760335158204,-0.0078851120469833,0.313842262527373,324.738829166536,12.826313590497,2.26650502331218,MoTa,0.9,0,0.1,0,0,3,100,4
0.9_0_0_0.1_0_1,5,2.58997063653478,-3.06615473785053,7.16769294868494,3.84245280697183,-0.22955077423624,-0.0293564947308833,-0.00337630112009289,-0.00187662372588508,0.331367434863649,320.435369288956,13.1773238909927,1.33691364209845,MoV,0.9,0,0,0.1,0,1,100,5
0.9_0_0_0.1_0_2,5,2.58853125962001,-3.06615473785053,7.1631567213841,3.84287401420064,-0.228988716022298,-0.0282688057257666,-0.00230241154458809,-0.000935214335207847,0.33115548597644,320.298150741327,13.1831493234763,1.33344785962832,MoV,0.9,0,0,0.1,0,2,100,5
0.9_0_0_0.1_0_3,5,2.58908456195535,-3.05760767727208,7.21747316108944,3.86643853434785,-0.234386391312459,-0.0291412196884895,-0.00249842379472974,-0.00137576540391608,0.336557346980413,320.378498422644,13.2624948485602,1.3397046370693,MoV,0.9,0,0,0.1,0,3,100,5
0.9_0_0_0_0.1_1,6,2.67844422594428,-3.083471187862,7.82955815333358,4.22123692542087,-0.260433598994851,-0.0336755307184882,-0.00110569204809199,-0.000937371801669837,0.355702494585851,359.005293995518,14.4197181081333,0.867426752687447,MoW,0.9,0,0,0,0.1,1,100,6
0.9_0_0_0_0.1_2,6,2.65657176617833,-3.1055471395612,7.68272235172842,4.15408358208803,-0.243853217163223,-0.031132026967893,-0.00122166371285974,-0.00105384397207431,0.341338862371504,358.890848033401,14.1984422994328,0.863077034826114,MoW,0.9,0,0,0,0.1,2,100,6
0.9_0_0_0_0.1_3,6,2.67804888241907,-3.08347118786198,7.82751981353994,4.22049395959831,-0.260028379340804,-0.0336777268349082,-0.00123764074811774,-0.000764226376039608,0.355609673644824,358.800657161297,14.4174204571404,0.866404076695061,MoW,0.9,0,0,0,0.1,3,100,6
0_0.1_0.9_0_0_1,97,2.60240641099558,-2.32687778556309,7.24051915573523,3.98839383273754,-0.239288201029778,-0.0727950590350819,0.0109816569331905,-0.00142375716916957,0.703983706035009,152.909481770805,13.4310939404193,1.30617969020351,NbTa,0,0.1,0.9,0,0,1,100,97
0_0.1_0.9_0_0_2,97,2.60240922234989,-2.32687778556308,7.24188802908099,3.98817662910721,-0.239038481088458,-0.0725266932454855,0.011334497087499,-0.00135759390982257,0.704116366583166,152.864761916088,13.4345540242929,1.2875316332636,NbTa,0,0.1,0.9,0,0,2,100,97
0_0.1_0.9_0_0_3,97,2.60091352341054,-2.32687778556308,7.23903624755875,3.98869569611529,-0.239319845905373,-0.0728750922481316,0.0111582748323583,-0.00144966068844482,0.70383926075834,152.877042108444,13.4302829044571,1.31109375308141,NbTa,0,0.1,0.9,0,0,3,100,97
0_0.1_0_0.9_0_1,98,2.0972559746462,-2.72723302051899,4.56296342043513,2.35067264718429,-0.239535758313175,0.00402873590933278,0.00424113544199237,-0.00291312731992603,0.296799776527149,159.54072011686,8.09715795922446,0.430056159506841,NbV,0,0.1,0,0.9,0,1,100,98
0_0.1_0_0.9_0_2,98,2.10679210958552,-2.71205822249975,4.61986619715883,2.3738750126507,-0.247012064009705,0.00435285836060674,0.00506609508328255,-0.00183337452059563,0.305123843411207,159.422245334852,8.1842412299604,0.44714851863475,NbV,0,0.1,0,0.9,0,2,100,98
0_0.1_0_0.9_0_3,98,2.09255356163614,-2.72723302051898,4.56346289132178,2.35094658223735,-0.239242624249476,0.00425247892125938,0.00393105792039944,-0.00371627256409243,0.296832506859517,159.702968741035,8.09604422754752,0.438386515693989,NbV,0,0.1,0,0.9,0,3,100,98
0_0.1_0_0_0.9_1,99,2.67709157707455,-3.07045581974993,7.9043163722688,4.21871621088876,-0.289841155223961,-0.0364939018091176,-0.00249018733306678,-0.00263077516911981,0.363868865521035,359.381198137949,14.4108571768003,1.28408811255613,NbW,0,0.1,0,0,0.9,1,100,99
0_0.1_0_0_0.9_2,99,2.68052527862715,-3.05760767727207,7.98904190744299,4.25511787498977,-0.30149108537687,-0.0399396038330109,-0.00529909064465008,-0.00490510519525663,0.372573529942423,359.734750140251,14.5102284596799,1.3009561406593,NbW,0,0.1,0,0,0.9,2,100,99
0_0.1_0_0_0.9_3,99,2.66707821828637,-3.08347118786201,7.8204828938663,4.17933280614845,-0.280210533417923,-0.0345145820574627,-0.000842987871989163,-0.000228472652455202,0.35530965553586,358.796242319466,14.2962959253495,1.27224725511638,NbW,0,0.1,0,0,0.9,3,100,99
0_0.25_0.25_0.25_0.25_1,93,2.16671973868442,-2.66499071164176,4.84517928068821,2.61768450030335,-0.266558934810168,-0.0759300640849364,0.00876158864798159,-0.021935220503195,0.335515955457865,155.544278202454,8.53146248059343,3.03769590976818,Nb_Ta_V_W,0,0.25,0.25,0.25,0.25,1,0,93
0_0.2_0.8_0_0_1,94,2.56931539222281,-2.34549259400533,7.05185541664167,3.85252288854973,-0.252675359580139,-0.057398560765078,0.01192891368297,-0.00189279645466165,0.672961118103073,155.016459900993,13.0191613529035,1.68164859965447,NbTa,0,0.2,0.8,0,0,1,0,94
0_0.2_0.8_0_0_2,94,2.57327120986813,-2.33924907736564,7.08478672674856,3.86965330127021,-0.256785943244778,-0.0578288644601959,0.0130956513042319,-0.00162318987665952,0.680355703855474,154.827228360727,13.075761170895,1.67532305909923,NbTa,0,0.2,0.8,0,0,2,0,94
0_0.2_0.8_0_0_3,94,2.57363086269803,-2.33924907736564,7.08650124563798,3.87028195252478,-0.256778266259995,-0.0577411259689107,0.0128880142240946,-0.00168050232224751,0.680520534220598,154.896566883734,13.0780276368915,1.68436622039525,NbTa,0,0.2,0.8,0,0,3,0,94
0_0.2_0_0.8_0_1,95,1.95917380280415,-2.75829141753896,3.93851677089546,2.05766235769652,-0.196057931966557,0.00440284316493763,0.00144029225517323,-0.00303003759927753,0.248298319688733,142.067822883602,7.05602378279067,0.411090497386094,NbV,0,0.2,0,0.8,0,1,0,95
0_0.2_0_0.8_0_2,95,1.97885072752935,-2.72113544065088,4.06473972587925,2.10860606269743,-0.211140926617915,0.00426859657649806,-0.000118966272322373,-0.0031723210426806,0.266020962204236,142.226371895123,7.23217630912861,0.378174950160748,NbV,0,0.2,0,0.8,0,2,0,95
0_0.2_0_0.8_0_3,95,1.94196117230769,-2.7838519145185,3.86564583137986,2.02320233381238,-0.188020873503399,0.00558947499584105,0.00274958782942316,-0.00185422011588104,0.237513748987095,142.225159934524,6.95133854243307,0.343871182534307,NbV,0,0.2,0,0.8,0,3,0,95
0_0.2_0_0_0.8_1,96,2.57917791654985,-3.05336138639063,7.31424224078416,3.86721121586911,-0.301650409806571,-0.0450993796786548,-0.00857846095168483,-0.00414592527776897,0.342593862137561,328.619354309229,13.1492810297002,1.06682658479972,NbW,0,0.2,0,0,0.8,1,0,96
0_0.2_0_0_0.8_2,96,2.57399862949616,-3.06615473785055,7.23734787504185,3.83500773289723,-0.290431500345597,-0.0430073820038015,-0.00876316045112202,-0.00550212875506124,0.334643256301674,329.001054892447,13.0419524677259,1.07057768665603,NbW,0,0.2,0,0,0.8,2,0,96
0_0.2_0_0_0.8_3,96,2.57607725300867,-3.06615473785053,7.24003405375812,3.83714537938918,-0.290328164639885,-0.0432068657656523,-0.00884242695310357,-0.00566275180399516,0.334767356138203,329.168210845081,13.047349674004,1.0505262517629,NbW,0,0.2,0,0,0.8,3,0,96
0_0.333333333333333_0.333333333333333_0.333333333333333_0_1,87,2.01425909566713,-2.51577831345509,4.02018614585141,2.19702482731636,-0.138459791991814,-0.0283006277861732,-0.000733586705075108,-0.00617398829621206,0.323348413104985,106.684199224341,7.40794602415508,1.98035433310444,Nb_Ta_V,0,0.333333333333333,0.333333333333333,0.333333333333333,0,1,0,87
0_0.333333333333333_0.333333333333333_0_0.333333333333333_1,88,2.30680632803194,-2.71507481603917,5.94606615320698,3.02058875137603,-0.44475191105177,-0.0878788433723118,-0.00493467598302524,0.000207782431600918,0.391648364220588,206.129184883891,9.93231077697645,1.40345219165216,Nb_Ta_W,0,0.333333333333333,0.333333333333333,0,0.333333333333333,1,0,88
0_0.333333333333333_0_0.333333333333333_0.333333333333333_1,89,2.22188375543813,-2.78062089393705,5.20637318731275,2.68796740095584,-0.266924121723216,-0.0377320062177714,-0.0086300079580164,-0.00267881263272582,0.320966132046988,183.897574336915,9.11840281573046,1.10589916853404,Nb_V_W,0,0.333333333333333,0,0.333333333333333,0.333333333333333,1,0,89
0_0.3_0.7_0_0_1,90,2.54297447386282,-2.36021420583069,6.88580427706378,3.73247051111032,-0.269119126522202,-0.0445665493070689,0.0130708580655865,-0.00223212638751163,0.647490594372862,156.893844711862,12.644801419934,1.77874336051377,NbTa,0,0.3,0.7,0,0,1,100,90
0_0.3_0.7_0_0_2,90,2.54709158106785,-2.35177533718481,6.93284821780775,3.75270778119996,-0.276609263784836,-0.0463407522129654,0.0119393427753524,-0.00371676481590169,0.657467119237162,156.907604782537,12.697915563266,1.79550450449947,NbTa,0,0.3,0.7,0,0,2,100,90
0_0.3_0.7_0_0_3,90,2.53858310333164,-2.36233509739981,6.87074336327641,3.72667499479595,-0.268041849864152,-0.0454337687677484,0.0119154381462221,-0.00372782401263813,0.644701207043603,156.863376007083,12.6118789187625,1.78206612078327,NbTa,0,0.3,0.7,0,0,3,100,90
0_0.3_0_0.7_0_1,91,1.88646510295507,-2.74887219562246,3.65927493505967,1.89645003318603,-0.170418032374933,0.00321299231026335,0.000201808765079305,-0.00255123469818521,0.232882534467204,128.201159098586,6.5506166019529,0.872412421085062,NbV,0,0.3,0,0.7,0,1,100,91
0_0.3_0_0.7_0_2,91,1.84901703107298,-2.81341071676003,3.47696001449435,1.81704875938315,-0.151178635248483,0.00290845475058785,0.00111027101744945,-0.00231269119228932,0.207361386600219,128.408010714166,6.27547282912853,0.82797188880242,NbV,0,0.3,0,0.7,0,2,100,91
0_0.3_0_0.7_0_3,91,1.88560492913805,-2.75514180863607,3.64216151077146,1.88990616961718,-0.169041715161536,0.00224235778250172,8.02113718661732e-05,-0.00263100061828936,0.230336139815394,128.241238046439,6.52212369605469,0.914948299494724,NbV,0,0.3,0,0.7,0,3,100,91
0_0.3_0_0_0.7_1,92,2.49242476757718,-3.03655426807424,6.75931406742974,3.54280813027426,-0.307534463882834,-0.0473985831485163,-0.00852826156856448,-0.00325696972876225,0.322035041768413,300.488065824763,12.0217708038394,0.926026428476434,NbW,0,0.3,0,0,0.7,1,100,92
0_0.3_0_0_0.7_2,92,2.49785367887943,-3.02413174807569,6.82278067317125,3.56477797775067,-0.319686243353922,-0.0495175844237208,-0.00924097332309421,-0.00376769200489351,0.329161633941484,300.422740416848,12.0879885600727,0.944337337411269,NbW,0,0.3,0,0,0.7,2,100,92
0_0.3_0_0_0.7_3,92,2.49446049334966,-3.03655426807423,6.75543713715483,3.54068219861849,-0.30829358914211,-0.0476874312924321,-0.00896342479478445,-0.00375635367645884,0.321851576449669,300.548227028204,12.0092068019902,0.928458556754529,NbW,0,0.3,0,0,0.7,3,100,92
0_0.4_0.6_0_0_1,84,2.5176153702864,-2.36659042296996,6.78508945930079,3.6331368524612,-0.295010096958597,-0.033701931689124,0.0129783974259793,-0.00297666469453979,0.633974199565468,159.070744337225,12.3409335157196,1.30277926465706,NbTa,0,0.4,0.6,0,0,1,0,84
0_0.4_0.6_0_0_2,84,2.51711973451039,-2.36659042296996,6.78443026738041,3.6326233752129,-0.295172138614338,-0.0335853922331949,0.0128557789282475,-0.00347114393591944,0.63391299365913,159.086263666062,12.337442550898,1.29490843532194,NbTa,0,0.4,0.6,0,0,2,0,84
0_0.4_0.6_0_0_3,84,2.51555909795292,-2.36872489549859,6.77565064983195,3.62725219376783,-0.293754406161642,-0.0338249017985009,0.0127679611309902,-0.00302554338862465,0.631736954000375,159.066154333364,12.323007379963,1.29334128470608,NbTa,0,0.4,0.6,0,0,3,0,84
0_0.4_0_0.6_0_1,85,1.86228849430516,-2.71205822249975,3.57685492727377,1.86891826602948,-0.16039668224026,0.000647075130267898,-0.00204851771888378,-0.00117364318697283,0.236216752682884,120.577924717822,6.43454240612093,0.296996302614132,NbV,0,0.4,0,0.6,0,1,0,85
0_0.4_0_0.6_0_2,85,1.8384345974897,-2.75514180863606,3.45642313168187,1.81700456994205,-0.14804368919788,0.00152041050852456,-0.00126996008463007,-0.000698541051492316,0.218578371478347,120.820081346366,6.25715994664539,0.348898354253264,NbV,0,0.4,0,0.6,0,2,0,85
0_0.4_0_0.6_0_3,85,1.83905261489808,-2.75514180863606,3.46122407742643,1.8157155034054,-0.146996890755152,0.00129936664148592,-0.00143623155818343,-0.000931165994947286,0.218881057535662,120.611842598304,6.26030774478464,0.26257796576007,NbV,0,0.4,0,0.6,0,3,0,85
0_0.4_0_0_0.6_1,86,2.41676043740332,-2.99573227355399,6.36409785383212,3.29778227361054,-0.325847658499715,-0.0482335819430211,-0.00763209545308176,-0.00360742298317019,0.315965140659327,275.33487603459,11.1659127163495,0.857631304715575,NbW,0,0.4,0,0,0.6,1,0,86
0_0.4_0_0_0.6_2,86,2.42114499185523,-2.98380370268871,6.42243248221884,3.31603008987681,-0.340823499697566,-0.0522708825191318,-0.00719013153536318,-0.00191231320721029,0.322724757583477,274.921463370024,11.219152094815,0.90319199223951,NbW,0,0.4,0,0,0.6,2,0,86
0_0.4_0_0_0.6_3,86,2.41918535293185,-2.98776410390483,6.39875303329187,3.30863729165038,-0.337640974087257,-0.0527905531907024,-0.00868074713568793,-0.00266138454356849,0.320254738972066,274.969032610714,11.1820129045432,0.873482096571079,NbW,0,0.4,0,0,0.6,3,0,86
0_0.5_0.5_0_0_1,81,2.48633667555727,-2.38162830033451,6.64627179697769,3.51649594640763,-0.315081956820988,-0.0226026981690637,0.0129917370683613,-0.00299747045801972,0.611720626570456,161.388813707716,11.9849824683536,0.605954184323331,NbTa,0,0.5,0.5,0,0,1,100,81
0_0.5_0.5_0_0_2,81,2.47763090192524,-2.39689577246528,6.56424261072215,3.48222077206533,-0.304480018781525,-0.0227146406465374,0.0128256560295779,-0.00259459736515259,0.594974711430068,161.360417008617,11.8674694070657,0.589540071305431,NbTa,0,0.5,0.5,0,0,2,100,81
0_0.5_0.5_0_0_3,81,2.48905716329405,-2.3816283003345,6.64540125359544,3.5174925997139,-0.314206627740661,-0.0220810397632716,0.0134808134632977,-0.00276691238213763,0.611639056051246,161.348558442155,11.9912272582218,0.604984438141489,NbTa,0,0.5,0.5,0,0,3,100,81
0_0.5_0_0.5_0_1,82,1.86252737844569,-2.71205822249975,3.53749182334661,1.87440266215816,-0.148454897624888,-0.00419471623326095,-0.00117461638893924,-0.00157463108350282,0.233606872890301,118.348041243422,6.41974584618333,0.333562534070035,NbV,0,0.5,0,0.5,0,1,100,82
0_0.5_0_0.5_0_2,82,1.8856891582679,-2.67946274425029,3.6363487642779,1.91691531988039,-0.159708942537176,-0.00495929776702735,-0.00200986859041884,-0.00194444026769449,0.248142460639618,118.480413611017,6.56204816023794,0.334790742634794,NbV,0,0.5,0,0.5,0,2,100,82
0_0.5_0_0.5_0_3,82,1.88488317997284,-2.6794627442503,3.63458475205007,1.91570490794852,-0.160450091875939,-0.00561617139027302,-0.00149145214118599,-0.00138609759812502,0.248022224194581,118.291497518801,6.55805283352975,0.323941450961577,NbV,0,0.5,0,0.5,0,3,100,82
0_0.5_0_0_0.5_1,83,2.29895859844831,-2.94503915923847,5.51730110383662,2.97427265264601,-0.299343133243888,-0.061680577223077,0.00957953707454306,-0.0228051807993245,0.288256352671838,242.049815256747,9.77911600696703,2.26641669441505,NbW,0,0.5,0,0,0.5,1,100,83
0_0.5_0_0_0.5_2,83,2.30220447956874,-2.94503915923847,5.52050482412792,2.97298852185494,-0.301334024551332,-0.0619696926408809,0.00875105653921514,-0.0223584020957233,0.288426112063608,242.059233596459,9.77404908628929,2.26194599909919,NbW,0,0.5,0,0,0.5,2,100,83
0_0.5_0_0_0.5_3,83,2.30061604427675,-2.92620621090538,5.59688397624383,3.00088888662263,-0.319729070351193,-0.0677589163041357,0.00601116180809386,-0.0241266846168902,0.298029406788462,241.735413951838,9.83089357711677,2.29141836587313,NbW,0,0.5,0,0,0.5,3,100,83
0_0.6_0.4_0_0_1,78,2.4343770088778,-2.43725999632065,6.32358513910964,3.31769075584749,-0.309252194773354,-0.0137419915083944,0.0116400526308134,-0.00179865726791825,0.550412271757809,163.824930247277,11.3540691920602,0.510863624631815,NbTa,0,0.6,0.4,0,0,1,0,78
0_0.6_0.4_0_0_2,78,2.45696599012185,-2.39909599337489,6.51746034038425,3.39808641708829,-0.333985481643675,-0.0122673595804879,0.0124688865607578,-0.00261579074025659,0.589459885770407,163.82425153276,11.636285203322,0.523337150553656,NbTa,0,0.6,0.4,0,0,2,0,78
0_0.6_0.4_0_0_3,78,2.45289682691479,-2.40572585191356,6.48428887271725,3.38431982378832,-0.329331019791496,-0.0121185462146048,0.012791837167944,-0.00218756888165776,0.582566117620146,163.813095504556,11.592172918363,0.530572185307509,NbTa,0,0.6,0.4,0,0,3,0,78
0_0.6_0_0.4_0_1,79,1.92792679281282,-2.67075441635852,3.80577047124241,1.99593155965581,-0.167691171314102,-0.0111591105545766,-0.00188348108489084,-0.000465717211550812,0.261987667321251,121.290826526785,6.83910798079043,0.372514665788398,NbV,0,0.6,0,0.4,0,1,0,79
0_0.6_0_0.4_0_2,79,1.91756392114767,-2.68824757380602,3.75998985531697,1.97252249419518,-0.161072710317941,-0.0100963972871355,-0.00145999435619318,-0.000835876852781833,0.254319595273798,121.388040165605,6.77013454757315,0.4394909283306,NbV,0,0.6,0,0.4,0,2,0,79
0_0.6_0_0.4_0_3,79,1.92835688603241,-2.66499071164176,3.82186071822829,2.00261726823613,-0.170431771819891,-0.0112568227548794,-0.00185128510453882,-0.000569016344971696,0.264625819026593,121.338254423644,6.86028594842475,0.384506557301717,NbV,0,0.6,0,0.4,0,3,0,79
0_0.6_0_0_0.4_1,80,2.28739583547567,-2.88598140959486,5.79286805419698,2.91943528239123,-0.380446441830291,-0.0591669904583189,-0.00999138302385977,-0.0028064467070592,0.321279448521465,231.57119598199,9.79469496946628,0.848479869894045,NbW,0,0.6,0,0,0.4,1,0,80
0_0.6_0_0_0.4_2,80,2.28705858034242,-2.88598140959487,5.79320095669936,2.91753721285474,-0.381250778107431,-0.0593379919410647,-0.00997892445319848,-0.00252779925205935,0.321298735158748,231.4771767166,9.79043273791969,0.845547600455055,NbW,0,0.6,0,0,0.4,2,0,80
0_0.6_0_0_0.4_3,80,2.29351156274556,-2.86470401114759,5.87567418517516,2.93896434216612,-0.407535051231576,-0.0642424914253614,-0.00993035317404703,-0.00201025301660506,0.33294163423873,231.404314589246,9.84163728601428,0.878718327462302,NbW,0,0.6,0,0,0.4,3,0,80
0_0.7_0.3_0_0_1,75,2.41163526391243,-2.44184716032755,6.27211459362202,3.23677494105296,-0.336791960039139,-0.00554060348944573,0.0119444493485125,-0.00215150880918551,0.543450390116687,166.031309185196,11.1231655214215,0.60862986115203,NbTa,0,0.7,0.3,0,0,1,100,75
0_0.7_0.3_0_0_2,75,2.42950495977828,-2.41687423939617,6.39464499426672,3.28598615191813,-0.352847737698764,-0.00381877512063084,0.0126300106383011,-0.0025899817874508,0.568143270610807,166.036963963134,11.3005700675231,0.611470658215328,NbTa,0,0.7,0.3,0,0,2,100,75
0_0.7_0.3_0_0_3,75,2.42823952021415,-2.41687423939617,6.39546108328602,3.28588053306312,-0.352661358993793,-0.00367240035876179,0.0127910586164942,-0.00247703512141026,0.568215500109034,166.01465138992,11.3028036043292,0.621398482250512,NbTa,0,0.7,0.3,0,0,3,100,75
0_0.7_0_0.3_0_1,76,1.96822164990684,-2.6911930840358,3.96975006432324,2.09524682845411,-0.177704431271331,-0.0149108245625965,0.000214086792522299,-0.000375451952240897,0.267719367569864,129.288153443571,7.14846996796123,0.190296499033563,NbV,0,0.7,0,0.3,0,1,100,76
0_0.7_0_0.3_0_2,76,1.98064305554858,-2.67655153404285,4.018358168559,2.1112672692492,-0.184416327848892,-0.0151372190115972,-2.80165114573895e-05,-0.000588172061523111,0.275020800931766,129.243951879761,7.20819818934411,0.300108647415492,NbV,0,0.7,0,0.3,0,2,100,76
0_0.7_0_0.3_0_3,76,1.98590307753574,-2.65926003693279,4.07641302669041,2.13604813129118,-0.192863422194989,-0.0163978685643081,-5.90970444308225e-05,-0.000497156358673817,0.283890914478316,129.291268545633,7.28754617842132,0.273529254971853,NbV,0,0.7,0,0.3,0,3,100,76
0_0.7_0_0_0.3_1,77,2.26645810513119,-2.77740027923701,5.7880862714886,2.85119895209051,-0.436646431298928,-0.0567569911188386,-0.00251442279191459,0.00126233219034522,0.358098541253763,213.10483333286,9.58946391517883,0.854478301268572,NbW,0,0.7,0,0,0.3,1,100,77
0_0.7_0_0_0.3_2,77,2.25320448089043,-2.81674961802555,5.63909599031321,2.80920415247471,-0.393622660681827,-0.0504607633457337,-0.00163744327034612,0.00148612498169827,0.335318403798063,213.064424854884,9.48133402721131,0.899556779981324,NbW,0,0.7,0,0,0.3,2,100,77
0_0.7_0_0_0.3_3,77,2.26040485065028,-2.80676617404136,5.6749503491581,2.81974400794261,-0.403865758947503,-0.052555897935006,-0.00146424566546315,0.00290048292852138,0.340861659359521,212.579732243921,9.51236707982536,0.875291634183517,NbW,0,0.7,0,0,0.3,3,100,77
0_0.8_0.2_0_0_1,72,2.41074084518165,-2.42362342137111,6.33408181152246,3.19971216960141,-0.377187684080029,0.000114915467569414,0.0151676727670937,-0.00720362214740477,0.558988045536974,166.811346193487,11.0405715985194,1.7591948122584,NbTa,0,0.8,0.2,0,0,1,0,72
0_0.8_0.2_0_0_2,72,2.38931274967861,-2.46040917818761,6.16063102080728,3.13249571544492,-0.352024552403661,-0.00158424227363898,0.0158114750484297,-0.00667242607513139,0.523952881125119,166.768188798294,10.8053049765457,1.71483499681903,NbTa,0,0.8,0.2,0,0,2,0,72
0_0.8_0.2_0_0_3,72,2.37381656009662,-2.47693848013883,6.08370279798361,3.1030872184201,-0.341481082913125,-0.00381684923092429,0.0152825265576329,-0.00634816941505026,0.508888106949473,166.673469137772,10.6944215504688,1.71961364475919,NbTa,0,0.8,0.2,0,0,3,0,72
0_0.8_0_0.2_0_1,73,2.06794729606721,-2.65640696795037,4.37394767394096,2.31368399613142,-0.222040979578026,-0.0211145235617804,0.00556650025589779,-0.00380301696706222,0.305489972630383,140.756819297042,7.82073202669629,0.903365330384982,NbV,0,0.8,0,0.2,0,1,0,73
0_0.8_0_0.2_0_2,73,2.05357573608304,-2.67364877438489,4.31233106889273,2.28897186278819,-0.212913534122882,-0.0204621583027937,0.0054688349285471,-0.00400278869452944,0.296006351289787,140.805109662908,7.73718485701118,0.881235249422847,NbV,0,0.8,0,0.2,0,2,0,73
0_0.8_0_0.2_0_3,73,2.06183799330078,-2.66499071164176,4.34573612229228,2.30024728373508,-0.217880027702791,-0.0212798966492186,0.00443983675525446,-0.00422592911655265,0.300911255064555,140.826731100137,7.77352350339001,0.882140719420951,NbV,0,0.8,0,0.2,0,3,0,73
0_0.8_0_0_0.2_1,74,2.23739013841942,-2.78062089393705,5.42219930397247,2.72351346278621,-0.346715980367748,-0.0321659440052521,0.00077512639156103,-8.34689262971223e-05,0.334319133114407,197.653570121146,9.26879715263396,0.798034678398802,NbW,0,0.8,0,0,0.2,1,0,74
0_0.8_0_0_0.2_2,74,2.24218947351434,-2.76145097782933,5.49523204787344,2.74691131355292,-0.364174770090999,-0.0347867124327075,0.00144752577528116,0.000449114680250798,0.345427022572128,197.421056798893,9.34085606131067,0.812002800219666,NbW,0,0.8,0,0,0.2,2,0,74
0_0.8_0_0_0.2_3,74,2.23635051548262,-2.78062089393704,5.41894241098833,2.72399398359466,-0.345222838456204,-0.0305607811155404,0.00170134535456055,2.65663850282716e-06,0.334115862896081,197.677988428114,9.27658592037287,0.779866596498849,NbW,0,0.8,0,0,0.2,3,0,74
0_0.9_0.1_0_0_1,69,2.38923327042832,-2.43269377834106,6.29491693180884,3.11303039363448,-0.401292997587394,0.0109048599298504,0.0132608758322597,-0.000842583084861557,0.550521817364147,170.059783848587,10.8406463380231,0.887516834726084,NbTa,0,0.9,0.1,0,0,1,100,69
0_0.9_0.1_0_0_2,69,2.39102391778804,-2.42588330933854,6.32534109907112,3.12383884581858,-0.406413500964561,0.0111436102446549,0.0132362234793904,-0.00133843318392516,0.556980793420671,170.036313899439,10.8775211120391,0.893165742950444,NbTa,0,0.9,0.1,0,0,2,100,69
0_0.9_0.1_0_0_3,69,2.38964136368185,-2.43269377834107,6.29408566576291,3.11280026254639,-0.402251853584163,0.0095691790085224,0.0126590465015161,-0.00120258584320251,0.550450746498582,170.011727095523,10.831027861683,0.889344335103663,NbTa,0,0.9,0.1,0,0,3,100,69
0_0.9_0_0.1_0_1,70,2.16859923740765,-2.63108915996608,4.97207171228471,2.52523360720057,-0.277878575747947,-0.0138743086967081,0.00480131037032439,-0.000703718655771422,0.356247165217836,156.033106716473,8.68655491323276,0.70990431160368,NbV,0,0.9,0,0.1,0,1,100,70
0_0.9_0_0.1_0_2,70,2.16731735833246,-2.63108915996608,4.97520283400897,2.52414576081342,-0.277793976835655,-0.013343700163682,0.00451381282593666,-0.00113654667018546,0.35647204618887,156.135621025244,8.68722232729057,0.710679959741804,NbV,0,0.9,0,0.1,0,2,100,70
0_0.9_0_0.1_0_3,70,2.17627222839145,-2.62279035715138,5.00355352152979,2.53690119102072,-0.282892177737484,-0.0133516548777107,0.00570240016544971,0.000423101594293306,0.361506594966236,155.936232805061,8.7345467709681,0.746193961859979,NbV,0,0.9,0,0.1,0,3,100,70
0_0.9_0_0_0.1_1,71,2.23426909933048,-2.71205822249975,5.38772746447216,2.71882818700763,-0.321553548137701,-0.0181522099014478,0.00192536870539135,-0.00127116296522489,0.355878011136125,184.185349699222,9.31773365726849,0.599793222777655,NbW,0,0.9,0,0,0.1,1,100,71
0_0.9_0_0_0.1_2,71,2.22569443755983,-2.73029581004952,5.31584922328367,2.69228904094497,-0.307801972077913,-0.0166604857395235,0.00203534199756224,-0.000818121697448856,0.344742663489629,184.124052408237,9.23558282765623,0.596716307220315,NbW,0,0.9,0,0,0.1,2,100,71
0_0.9_0_0_0.1_3,71,2.23244850022992,-2.71205822249975,5.38763413860575,2.71857207762618,-0.320955625699614,-0.0177540138787796,0.00129588775879039,-0.00192927064718824,0.355872137408079,184.299878715513,9.31576224329959,0.597394256666883,NbW,0,0.9,0,0,0.1,3,100,71
0_0_0.1_0.9_0_1,118,2.09160638401513,-2.68824757380604,4.57587234670829,2.30854943047408,-0.243714399456188,0.0120269889914505,0.00171281912584593,-0.00300786127594354,0.309547605786321,153.928382588453,8.04193531362617,0.728527096756527,TaV,0,0,0.1,0.9,0,1,100,118
0_0_0.1_0.9_0_2,118,2.05778545612067,-2.73954086819358,4.40089027211568,2.23507578964808,-0.223847795450728,0.00983294144518042,0.00158564215827648,-0.00214732321496391,0.282738193503561,153.908297401164,7.77996299794754,0.737310019355053,TaV,0,0,0.1,0.9,0,2,100,118
0_0_0.1_0.9_0_3,118,2.05818176929554,-2.73954086819358,4.39972755338202,2.23437611038629,-0.223679121725598,0.00971296036429623,0.00160939984978354,-0.00242166636734987,0.282663531402923,153.872526363448,7.77690006831938,0.752243496171173,TaV,0,0,0.1,0.9,0,3,100,118
0_0_0.1_0_0.9_1,119,2.67940424232854,-3.04913305028112,7.9520634655579,4.23829306736717,-0.291326021010451,-0.0370874724613444,-0.00511659525639154,-0.00369338688684642,0.374022355625657,353.917240966866,14.4780196010666,1.06320674337162,TaW,0,0,0.1,0,0.9,1,100,119
0_0_0.1_0_0.9_2,119,2.67209725667821,-3.06187207605853,7.87192763316904,4.20353489253426,-0.27889112120504,-0.0345619818324623,-0.00454850894339623,-0.00331156441574666,0.365521327204473,353.761093189169,14.3738162386687,1.07155975160059,TaW,0,0,0.1,0,0.9,2,100,119
0_0_0.1_0_0.9_3,119,2.67159209537625,-3.06187207605855,7.86732543309271,4.19988177729196,-0.281942444061396,-0.0354247093913243,-0.00355834736580484,-0.00217052903425181,0.365309003409881,353.622017176159,14.3601602223128,1.05565263873775,TaW,0,0,0.1,0,0.9,3,100,119
0_0_0.2_0.8_0_1,116,1.9469012662907,-2.65640696795037,3.90045655261764,2.02118730030944,-0.19122694330974,0.0109686333847252,-0.000450208830207115,-0.003186991333046,0.272419694270536,128.219829267087,6.97807616895555,0.47327218303363,TaV,0,0,0.2,0.8,0,1,0,116
0_0_0.2_0.8_0_2,116,1.9092209451997,-2.71205822249974,3.7262832700323,1.94623618944188,-0.17422518119954,0.00956558389452527,0.000576134374584127,-0.00302577871101901,0.246086163989781,128.215035674267,6.71127459758158,0.464671533613046,TaV,0,0,0.2,0.8,0,2,0,116
0_0_0.2_0.8_0_3,116,1.94094888640566,-2.66499071164175,3.87004706179576,2.0089653268531,-0.188691450323351,0.0107802922625599,6.90657941093871e-05,-0.0028555871593399,0.267971960321986,128.150647761756,6.9340761930238,0.471778780715957,TaV,0,0,0.2,0.8,0,3,0,116
0_0_0.2_0_0.8_1,117,2.59817967259932,-2.99573227355401,7.43968641707359,3.94247310409996,-0.313669167919215,-0.0517593241257212,-0.0132208143175268,-0.00653273035768541,0.369309638052574,318.068299567464,13.3428824886427,1.6039810862247,TaW,0,0,0.2,0,0.8,1,0,117
0_0_0.2_0_0.8_2,117,2.59446636490154,-3.00780485478825,7.37214361137924,3.91550916691322,-0.299807986840836,-0.0469518265104133,-0.0108921841025626,-0.00592742837082928,0.361521522885251,318.162404901262,13.2792529126599,1.63364797027582,TaW,0,0,0.2,0,0.8,2,0,117
0_0_0.2_0_0.8_3,117,2.5966318228068,-2.995732273554,7.44100979090913,3.94246501719874,-0.312126577699937,-0.0496873337601294,-0.0113667434231265,-0.00602087476409546,0.369372105093645,318.074822208831,13.3594050681869,1.61234129557999,TaW,0,0,0.2,0,0.8,3,0,117
0_0_0.333333333333333_0.333333333333333_0.333333333333333_1,113,2.20138115323766,-2.64226246056421,5.19652754903345,2.7192055635109,-0.312357331356519,-0.0696315851758115,-0.0161262503951437,-0.00599711433150897,0.368207223862099,164.482810829795,8.95115329446515,0.859830615848804,Ta_V_W,0,0,0.333333333333333,0.333333333333333,0.333333333333333,1,0,113
0_0_0.3_0.7_0_1,114,1.88935894351246,-2.58760404802635,3.61629089582764,1.86332185727549,-0.147431429768888,0.00844572042801741,-0.00441888752163376,-0.00214959811188824,0.27063974520338,107.310181613265,6.50457796769661,1.55191157402934,TaV,0,0,0.3,0.7,0,1,100,114
0_0_0.3_0.7_0_2,114,1.86345301662937,-2.60369018577796,3.5665065057437,1.84232033895604,-0.142949977988796,0.00819283477815362,-0.0044636830285278,-0.00223920266764707,0.262631866587225,107.285208859423,6.42724010669674,1.48008599405557,TaV,0,0,0.3,0.7,0,2,100,114
0_0_0.3_0.7_0_3,114,1.90148596323978,-2.57177258280967,3.66155666743061,1.88160394698069,-0.152591245389568,0.00773056984069419,-0.00510318063876581,-0.00227636907846571,0.278425115703947,107.229942717662,6.56599782998567,1.59132512523725,TaV,0,0,0.3,0.7,0,3,100,114
0_0_0.3_0_0.7_1,115,2.52242077010884,-2.96423360649462,6.80554364370941,3.63071432071267,-0.295202471512938,-0.0542093614683703,-0.00702777159872172,-0.00582535884737269,0.348717897760333,284.801368929266,12.227145698599,2.27947692382471,TaW,0,0,0.3,0,0.7,1,100,115
0_0_0.3_0_0.7_2,115,2.51999067339047,-2.96423360649463,6.80185061082801,3.62776663511163,-0.295583819636483,-0.0539831016694757,-0.00807669438267557,-0.00722282365605946,0.348530470813025,285.061355593007,12.2111073267332,2.29995854800535,TaW,0,0,0.3,0,0.7,2,100,115
0_0_0.3_0_0.7_3,115,2.52041054234325,-2.96423360649461,6.80340514662977,3.62818222426515,-0.297690506501833,-0.0559777682812575,-0.00770961120736293,-0.00562648472816099,0.348611260474209,284.681884738225,12.2094529468158,2.25422027075675,TaW,0,0,0.3,0,0.7,3,100,115
0_0_0.4_0.6_0_1,111,1.88483267010363,-2.48891467118554,3.53004259131726,1.8864025392323,-0.114743768913644,-0.000987693426903622,-0.00591336188402903,-0.00431325185988676,0.291692632803149,93.5311927058783,6.49604599954743,1.92735598411617,TaV,0,0,0.4,0.6,0,1,0,111
0_0_0.4_0.6_0_2,111,1.87752955175633,-2.49616984206671,3.50444133187015,1.87506175236213,-0.111378946225321,9.34548163155119e-05,-0.0059353747341783,-0.00385126777028704,0.287472061633799,93.4785696797855,6.4623753889934,1.821995113421,TaV,0,0,0.4,0.6,0,2,0,111
0_0_0.4_0.6_0_3,111,1.89274428621008,-2.48171175889149,3.55144524288165,1.89655977601108,-0.116173191750898,-0.000760963751070656,-0.0068592332867232,-0.00399325423977144,0.295593371368431,93.6586823476568,6.53074547068906,1.81340814024341,TaV,0,0,0.4,0.6,0,3,0,111
0_0_0.4_0_0.6_1,112,2.45870199737707,-2.87528612047814,6.5063518437258,3.46780159885094,-0.33496222494672,-0.0701112160745354,-0.0079307619442236,-0.00994244922584426,0.364660175822357,256.224205015849,11.5076846265541,2.11423147167558,TaW,0,0,0.4,0,0.6,1,0,112
0_0_0.4_0_0.6_2,112,2.45900666093292,-2.87528612047811,6.51088868102847,3.4692238922699,-0.335078040495085,-0.0710627697835954,-0.00772429540717014,-0.0101170840202065,0.364914637768813,256.233051726636,11.5120596760485,2.1180549634579,TaW,0,0,0.4,0,0.6,2,0,112
0_0_0.4_0_0.6_3,112,2.44457859229801,-2.90042209374966,6.3786477476985,3.42167873375097,-0.305771049803988,-0.0626245424792354,-0.0063863587998378,-0.00917893579440097,0.348550960944575,256.072403451493,11.389687149153,2.08594441254685,TaW,0,0,0.4,0,0.6,3,0,112
0_0_0.5_0.5_0_1,109,1.93616957694868,-2.41687423939617,3.72992840671257,2.0008988889027,-0.0937053014029816,-0.0187267427648598,-0.0120806886752779,-0.00280185909905822,0.331324455196003,87.1321772856205,6.88179565798317,2.0208083615585,TaV,0,0,0.5,0.5,0,1,100,109
0_0_0.5_0.5_0_2,109,1.92973852116542,-2.43041846450393,3.6905965486124,1.98146627719364,-0.0880551350390936,-0.0163226272827993,-0.0121652722508829,-0.00368472412468183,0.323398459860307,87.2743347244453,6.82450929503801,2.17005051985617,TaV,0,0,0.5,0.5,0,2,100,109
0_0_0.5_0.5_0_3,109,1.90294773757402,-2.46982101236996,3.56627044541048,1.92051746407544,-0.0757871836841808,-0.0112844725789505,-0.00981762247768226,-0.00288695206519869,0.300368491358845,87.2362723170379,6.64391321921598,2.03626230165969,TaV,0,0,0.5,0.5,0,3,100,109
0_0_0.5_0_0.5_1,110,2.38629241362654,-2.79034544382904,6.25520496200651,3.31011986769006,-0.377515279221914,-0.0958845642685646,-0.0179912536196043,-0.0154106596563086,0.381919215745406,230.327902308555,10.7828550620705,1.33979790036473,TaW,0,0,0.5,0,0.5,1,100,110
0_0_0.5_0_0.5_2,110,2.38612815855835,-2.79034544382903,6.25663809433948,3.30635084564258,-0.378662575938973,-0.0952111443282235,-0.0174660646162909,-0.0126328011088442,0.382006727940433,229.803288711105,10.7868073335829,1.30986115848789,TaW,0,0,0.5,0,0.5,2,100,110
0_0_0.5_0_0.5_3,110,2.38833737289837,-2.79034544382904,6.25817013918025,3.30854899725541,-0.377510652150147,-0.0952924595548297,-0.0174169367492706,-0.0126810588152181,0.382099183798864,229.752733116577,10.7944338456326,1.29665417156852,TaW,0,0,0.5,0,0.5,3,100,110
0_0_0.6_0.4_0_1,107,2.00121665410898,-2.41911890925001,3.9186994065777,2.14739179710971,-0.0692953703870525,-0.0338291913898293,-0.0150085685227308,-0.000577961837951424,0.34728670574758,87.9846141989606,7.33659435299334,1.28771264052148,TaV,0,0,0.6,0.4,0,1,0,107
0_0_0.6_0.4_0_2,107,2.02665145611029,-2.3730075572906,4.07509588139632,2.22016950191424,-0.090860073070146,-0.0433141026047247,-0.0164631404527401,-8.99033721387212e-05,0.378279846189454,87.8433044748599,7.54424670485448,1.25212554344823,TaV,0,0,0.6,0.4,0,2,0,107
0_0_0.6_0.4_0_3,107,2.00795227715839,-2.41017030367398,3.94884280577229,2.16078539407948,-0.0735533787940391,-0.034623444670641,-0.0146036928654117,-0.00049322827590633,0.353119842676575,88.0277717809887,7.37990696966033,1.32528753173191,TaV,0,0,0.6,0.4,0,3,0,107
0_0_0.6_0_0.4_1,108,2.35000028551724,-2.68238245435363,6.19917678972311,3.1968145026337,-0.455927209482388,-0.122747714084038,-0.0183918114572736,-0.00278051341283057,0.421965253023168,205.583246864155,10.3283222604588,1.91058460924497,TaW,0,0,0.6,0,0.4,1,0,108
0_0_0.6_0_0.4_2,108,2.35146207860938,-2.66212126921382,6.28362891582454,3.21290210833724,-0.492401774503218,-0.13337201690125,-0.019503126981047,-0.00194714430863624,0.436538486166639,205.466533593367,10.3325428313193,1.93584100558672,TaW,0,0,0.6,0,0.4,2,0,108
0_0_0.6_0_0.4_3,108,2.34909989328772,-2.68238245435363,6.19744382587053,3.19540104005183,-0.457284861816182,-0.123384693429853,-0.0180324690336302,-0.00355566573275991,0.421848467796086,205.665729481081,10.3182119958757,1.96543820174062,TaW,0,0,0.6,0,0.4,3,0,108
0_0_0.7_0.3_0_1,105,2.13532781866386,-2.3816283003345,4.47181993539862,2.47750102567031,-0.0914374820198901,-0.0597561360366895,-0.0134590294973696,0.00145007952027111,0.411515175733782,94.9450742744383,8.35443037755857,1.71059985720115,TaV,0,0,0.7,0.3,0,1,100,105
0_0_0.7_0.3_0_2,105,2.13395885158067,-2.3816283003345,4.47936980792657,2.47575025153444,-0.0925732079545894,-0.0607597255314059,-0.0140126057482905,0.0014289031851935,0.412212332343818,94.9206839144279,8.35221236820805,1.81894141898937,TaV,0,0,0.7,0.3,0,2,100,105
0_0_0.7_0.3_0_3,105,2.14095321820729,-2.3730075572906,4.51253909245595,2.49217666083543,-0.0970385203556981,-0.0622985144736495,-0.0142323137485283,0.00126332696833103,0.41887803470289,94.9744258512162,8.39883020162809,1.8349769132222,TaV,0,0,0.7,0.3,0,3,100,105
0_0_0.7_0_0.3_1,106,2.35523511439077,-2.57965698633382,6.24789127672992,3.1659565140863,-0.486561317835639,-0.125897865060646,-0.000846647510147599,0.00459201247087616,0.471526029972034,185.326992809925,10.3207677172564,2.79359720893815,TaW,0,0,0.7,0,0.3,1,100,106
0_0_0.7_0_0.3_2,106,2.35840490240516,-2.55876849838645,6.33057404967078,3.18029818031558,-0.520491985462726,-0.1317225788953,0.00322110325510381,0.00670450798753832,0.487914907073099,184.839899081004,10.3566316254124,2.94613955143466,TaW,0,0,0.7,0,0.3,2,100,106
0_0_0.7_0_0.3_3,106,2.35473402815072,-2.57965698633381,6.24736902723558,3.16602032616136,-0.485454734853525,-0.124694950267281,0.000670447758568304,0.00374548148605803,0.471484469083921,185.283911757682,10.3275977344248,2.88846283438542,TaW,0,0,0.7,0,0.3,3,100,106
0_0_0.8_0.2_0_1,103,2.25959090189816,-2.3859667019331,5.01996129358516,2.84977261814417,-0.103850881015957,-0.0723595974549684,-0.0071715465531786,0.00187484176495734,0.459932660225114,107.535429688099,9.50400835108388,0.787733724889425,TaV,0,0,0.8,0.2,0,1,0,103
0_0_0.8_0.2_0_2,103,2.25818645328438,-2.3859667019331,5.01607879357441,2.84884693482744,-0.103629128263035,-0.0723226275790333,-0.00743905627663871,0.0017291672452057,0.459576918539143,107.51981599887,9.49789407586837,0.768451388858804,TaV,0,0,0.8,0.2,0,2,0,103
0_0_0.8_0.2_0_3,103,2.24914723053651,-2.39470038190186,4.97734404527632,2.83079852289267,-0.0987204918709202,-0.0708602609615767,-0.00773111766879531,0.00147439764668025,0.452042875838072,107.546049348529,9.44089372192779,0.825495810570386,TaV,0,0,0.8,0.2,0,3,0,103
0_0_0.8_0_0.2_1,104,2.40159313974225,-2.48171175889148,6.43623404313558,3.28483126730667,-0.45844900792736,-0.110583442166989,0.0135647661685634,0.00742344442117928,0.535891830713095,170.178541750665,10.8654866728788,3.05910724626491,TaW,0,0,0.8,0,0.2,1,0,104
0_0_0.8_0_0.2_2,104,2.39884660292127,-2.49132721759092,6.39268337488762,3.27308231552245,-0.445221607411252,-0.108565290470889,0.0135218385407835,0.00748268749597404,0.527142626844731,170.099903514129,10.8360035634182,3.0648501968617,TaW,0,0,0.8,0,0.2,2,0,104
0_0_0.8_0_0.2_3,104,2.39026531719086,-2.52823177452637,6.22808377283683,3.22747352699168,-0.395739853036463,-0.102937356904403,0.00823833536603838,0.0053465394004258,0.49485767441106,170.173264528924,10.6942888332248,3.06215765817872,TaW,0,0,0.8,0,0.2,3,0,104
0_0_0.9_0.1_0_1,101,2.38731376391703,-2.42814831596939,5.68557845016831,3.21786845638014,-0.109478298562807,-0.0707360553210724,-0.000653911041630377,0.00100864910584517,0.499298992467985,126.717017144963,10.8114969058509,0.93950004424807,TaV,0,0,0.9,0.1,0,1,100,101
0_0_0.9_0.1_0_2,101,2.41940897215302,-2.38379514841959,5.92349096006876,3.32509548865151,-0.140069941430836,-0.0795863510782458,0.000205616458948568,0.00149281174038201,0.543908680052095,126.76334629977,11.1487109743392,0.982523666869768,TaV,0,0,0.9,0.1,0,2,100,101
0_0_0.9_0.1_0_3,101,2.405860516599,-2.4013010659332,5.82569537534661,3.28227233343488,-0.128289279549483,-0.0769226423293881,-0.000646540059218285,0.0012890901973456,0.525599835969245,126.727314242275,11.0065709104936,0.958123919965474,TaV,0,0,0.9,0.1,0,3,100,101
0_0_0.9_0_0.1_1,102,2.46860899089812,-2.44876760317212,6.52709140109057,3.48677134370724,-0.310527351031211,-0.090339764756402,0.00806492161761583,0.00110672293896164,0.561604252873513,159.434233647328,11.6477487505505,2.48488654526568,TaW,0,0,0.9,0,0.1,1,100,102
0_0_0.9_0_0.1_2,102,2.46404797418906,-2.45806999583445,6.47899089645546,3.46653182039014,-0.30307541164776,-0.0896891556934807,0.00828227087352834,0.00192880598603122,0.552277524945218,159.353785881517,11.5858971520878,2.5186773271584,TaW,0,0,0.9,0,0.1,2,100,102
0_0_0.9_0_0.1_3,102,2.47557528545602,-2.43041846450393,6.6220237968347,3.52020793708334,-0.331913133663234,-0.0937920629556574,0.0100868804617293,0.0025527717981748,0.580380303579149,159.356087189116,11.7547821515441,2.50951395527567,TaW,0,0,0.9,0,0.1,3,100,102
0_0_0_0.1_0.9_1,129,2.66347672683846,-3.0491330502811,7.84380364170771,4.13128923893935,-0.288216647008252,-0.036390838103804,-0.0061966560961831,-0.00444360001184054,0.368940611967183,345.798511351367,14.1893616802374,2.1431135380936,VW,0,0,0,0.1,0.9,1,100,129
0_0_0_0.1_0.9_2,129,2.66610069064656,-3.04913305028112,7.84716236754991,4.13490788197036,-0.287702316966667,-0.0369486964034872,-0.00510038059185601,-0.00239296841130188,0.369096438816239,345.331534381903,14.2076361970889,2.1471807511274,VW,0,0,0,0.1,0.9,2,100,129
0_0_0_0.1_0.9_3,129,2.67319282176549,-3.03655426807424,7.92442206630148,4.16792433619058,-0.300079843503584,-0.0413451970575726,-0.00957525941164609,-0.00640151451933541,0.377498678846865,346.055831095999,14.2800190510911,2.11717617299104,VW,0,0,0,0.1,0.9,3,100,129
0_0_0_0.2_0.8_1,128,2.58100347713599,-2.97985892439769,7.30448473600287,3.8465052036424,-0.303610627384637,-0.0426930561092143,-0.00631290658761458,-0.00229431850063836,0.368421091771751,305.574902162747,13.1195674931846,1.13248225952941,VW,0,0,0,0.2,0.8,1,0,128
0_0_0_0.2_0.8_2,128,2.57318394080719,-2.99174025228444,7.23326401833324,3.8151066094602,-0.292195568810945,-0.0397337050103629,-0.0065412725773434,-0.00411454372342181,0.360481754177511,305.951058167805,13.0204585583436,1.14540395102687,VW,0,0,0,0.2,0.8,2,0,128
0_0_0_0.2_0.8_3,128,2.58072317296309,-2.97985892439771,7.30902969243232,3.84542819400809,-0.305133950805085,-0.0438847903553327,-0.00781504237747718,-0.00346045547965612,0.368653222384195,305.848108265854,13.1083489524322,1.17413694658969,VW,0,0,0,0.2,0.8,3,0,128
0_0_0_0.3_0.7_1,127,2.5272030805708,-2.88598140959488,7.00477573184658,3.67793935518643,-0.327032595466554,-0.0438383302930863,-0.00574630972564489,-0.00184320634267151,0.388366531105776,272.55548328129,12.4813539595937,0.410650144414602,VW,0,0,0,0.3,0.7,1,100,127
0_0_0_0.3_0.7_2,127,2.52769836180749,-2.88598140959488,7.00420275566876,3.67801671636419,-0.326389126057076,-0.0444111682304492,-0.00661284209820655,-0.00117557264113734,0.388334992305237,272.177958017809,12.4804369194833,0.419270331198341,VW,0,0,0,0.3,0.7,2,100,127
0_0_0_0.3_0.7_3,127,2.52948358827006,-2.87528612047812,7.06646608384978,3.70159862098177,-0.3377786280778,-0.0467105534575532,-0.00727035668686272,-0.0023200728324797,0.396035476854379,272.595837553775,12.5475123347494,0.42349961528909,VW,0,0,0,0.3,0.7,3,100,127
0_0_0_0.4_0.6_1,126,2.49342426682089,-2.81674961802555,6.78037039658365,3.49044288021853,-0.320723927642633,-0.0430333660849277,-0.00757306733967932,-0.00361543384492661,0.403046255082753,244.086140123841,11.941376026153,1.80644025804397,VW,0,0,0,0.4,0.6,1,0,126
0_0_0_0.4_0.6_2,126,2.49497107005632,-2.80676617404137,6.82453080911793,3.50815731884648,-0.330204796215363,-0.0448158144213322,-0.00688197268306322,-0.00201235999421768,0.409771722937047,243.566867823028,11.9976332068169,1.76649318158554,VW,0,0,0,0.4,0.6,2,0,126
0_0_0_0.4_0.6_3,126,2.49394024482353,-2.80676617404136,6.82570982328445,3.50675397010355,-0.331040178208516,-0.0450429442565257,-0.0077600383410929,-0.0032189644767126,0.409844215831536,243.856083346747,11.9879136313326,1.78174606037377,VW,0,0,0,0.4,0.6,3,0,126
0_0_0_0.5_0.5_1,125,2.44265961614499,-2.7520020886314,6.41337790968985,3.36428193354648,-0.298821987499303,-0.0332652288531297,-0.0067316426767454,-0.00157271126318264,0.406884061744488,220.805149639525,11.4398842290081,0.394390165540739,VW,0,0,0,0.5,0.5,1,100,125
0_0_0_0.5_0.5_2,125,2.447020161702,-2.73644967562392,6.48946727250736,3.39292012776492,-0.314463432325172,-0.0364991510561665,-0.00739688643839048,-0.00281080209043906,0.418212438056436,221.070195639332,11.5173849175536,0.3920330265604,VW,0,0,0,0.5,0.5,2,100,125
0_0_0_0.5_0.5_3,125,2.44765252481803,-2.73644967562392,6.4920954199166,3.39438698430523,-0.314664953152596,-0.0364325881720517,-0.00662530233074932,-0.00131765001423638,0.41838069225332,220.890017431624,11.5289427457409,0.420564187769868,VW,0,0,0,0.5,0.5,3,100,125
0_0_0_0.6_0.4_1,124,2.42466580548211,-2.66786841146937,6.33807734544561,3.28466169624507,-0.303643465583112,-0.0289098773283296,-0.00743780704207437,-0.00286800512545475,0.437604819829465,201.654107204614,11.2236139405421,1.38664470439372,VW,0,0,0,0.6,0.4,1,0,124
0_0_0_0.6_0.4_2,124,2.40617812092663,-2.70008203145304,6.15431659000051,3.22122734766498,-0.277410812865471,-0.0241823868601852,-0.00659358693382833,-0.00226534989567758,0.411361534667931,201.565529200422,11.0039823678555,1.34275999448677,VW,0,0,0,0.6,0.4,2,0,124
0_0_0_0.6_0.4_3,124,2.41202427468374,-2.70008203145302,6.18048133008858,3.22106287846733,-0.278390559165645,-0.0240017947103299,-0.00650684190795233,-0.00267169846039029,0.413110105991632,201.779356562421,11.0271881136381,1.31429401411413,VW,0,0,0,0.6,0.4,3,0,124
0_0_0_0.7_0.3_1,123,2.37774084858632,-2.63666020501555,5.97890509899813,3.14290263171,-0.272508333070628,-0.013007083366948,-0.00216914269896028,-0.00517228831733961,0.42594285884347,187.3072009826,10.7378360659219,1.9168439566863,VW,0,0,0,0.7,0.3,1,100,123
0_0_0_0.7_0.3_2,123,2.37091343127059,-2.65072513448294,5.9067681311905,3.1126306322751,-0.264122447879579,-0.0125023492067972,-0.000753865080948331,-0.00778079800533066,0.414891797129747,187.454172915667,10.629118883591,2.01946194470734,VW,0,0,0,0.7,0.3,2,100,123
0_0_0_0.7_0.3_3,123,2.36038664293306,-2.66786841146939,5.82977096912323,3.08134469947332,-0.252071800507958,-0.0113380782069067,-0.0012044434529078,-0.00694116908648672,0.402480404107755,187.478288774471,10.5286774574095,1.94783737398416,VW,0,0,0,0.7,0.3,3,100,123
0_0_0_0.8_0.2_1,122,2.3302518343024,-2.6394574096366,5.72365790486747,2.9432224483245,-0.263570555946262,0.0029477260142533,-0.00448703667623987,-0.00229160067547375,0.406618360619261,179.642068988529,10.2012734315272,1.25522567909959,VW,0,0,0,0.8,0.2,1,0,122
0_0_0_0.8_0.2_2,122,2.33276370571674,-2.6394574096366,5.72494000711796,2.94619541204331,-0.263444462457922,0.00327618630365559,-0.00319747177571186,-0.00162592060444335,0.406707780749889,179.633604950732,10.2144738285239,1.24993770843616,VW,0,0,0,0.8,0.2,2,0,122
0_0_0_0.8_0.2_3,122,2.33662057408094,-2.6394574096366,5.72886305666636,2.94423518313043,-0.262562247676439,0.00336367970704232,-0.00347059127894491,-0.00217897939532396,0.40698585305647,179.519805377553,10.2147268939114,1.43568358455433,VW,0,0,0,0.8,0.2,3,0,122
0_0_0_0.9_0.1_1,121,2.28627772591803,-2.65926003693278,5.48606138718861,2.79366790269001,-0.269753991870382,0.00833362238691323,0.0036754550381258,-0.00362828607783299,0.38207269469326,176.760368318557,9.72498835559321,1.39586371519858,VW,0,0,0,0.9,0.1,1,100,121
0_0_0_0.9_0.1_2,121,2.25740879538539,-2.70008203145304,5.31594088563422,2.71923131214335,-0.252088226973806,0.00574706163607314,0.00447310414315298,-0.00138628995148257,0.355331063451541,176.40577213904,9.46720403659963,1.40128910005993,VW,0,0,0,0.9,0.1,2,100,121
0_0_0_0.9_0.1_3,121,2.28248020924633,-2.66499071164176,5.46343544987048,2.78348162524378,-0.266336193381206,0.00890687326931114,0.00425118206628673,-0.00343481569732269,0.378309069725133,176.751998792256,9.69591117513082,1.42097408507955,VW,0,0,0,0.9,0.1,3,100,121
0_0_0_0_1_1,130,2.95724411445746,-2.74575206828622,11.170530690607,5.64408105468555,-0.714269351912936,-0.0868128380685286,0.00222148667739642,-0.000922829814020186,0.71332104386147,392.655041145432,19.1003713930148,1.7616661741503,W,0,0,0,0,1,1,0,130
0_0_0_1_0_1,120,2.43047912426409,-2.39470038190185,6.67480882383048,3.22690887953321,-0.474351748681509,0.0277890697341227,0.0132824916079733,-0.00395441676484285,0.606482347257515,179.695090780212,11.2901581176453,0.853228935912446,V,0,0,0,1,0,1,0,120
0_0_1_0_0_1,100,2.72231252950788,-2.13031387205359,8.59677718988301,4.59504978371558,-0.458289191675105,-0.139913652973555,0.0112576777214877,-0.00684297951880936,1.01825939022006,150.897594236022,15.1627591620065,1.35789750323604,Ta,0,0,1,0,0,1,0,100
0_1_0_0_0_1,68,2.3931322311399,-2.39250980052203,6.44119376304207,3.12311178819738,-0.459771335338529,0.0262599040604119,0.0152131654429331,-0.0033096478966465,0.58654164052011,173.160670661546,10.9133541464221,0.533431449693244,Nb,0,1,0,0,0,1,0,68
1_0_0_0_0_1,1,2.8455550584662,-2.81341071676004,9.92513102045058,4.91674686788114,-0.542949716651477,-0.0710127589700923,0.00259887186626047,-0.00396484272185371,0.592062345067489,354.15827222043,17.0095307132332,3.84917464219621,Mo,1,0,0,0,0,1,0,1
