alloy_rep_id,alloy_cnt.x,log_max_stress,log_max_strain,bc_1,bc_2,bc_3,bc_4,bc_5,bc_6,toughness,young_mod,frac_stress,gcv,alloy,Mo,Nb,Ta,V,W,rep,Experiment,alloy_cnt.y
0.155247433960763_0.472074473566897_0.353462382084521_0.00757081036969871_0.0116449000181209_1,63,2.84402147988781,-2.28671174383776,9.20284759362317,4.97634172064449,-0.387550898793356,-0.00540784601266197,0.0535103683833938,-0.0256711329843417,0.931609679415257,197.994179496512,16.9919280486279,4.02274900833301,MoNbTaVW,0.155247433960763,0.472074473566897,0.353462382084521,0.00757081036969871,0.0116449000181209,1,7,63
0.155247433960763_0.472074473566897_0.353462382084521_0.00757081036969871_0.0116449000181209_2,63,2.85819791075889,-2.26336437984076,9.394205475123,5.06331237741336,-0.398522642702259,0.00525886941881418,0.0553958530684847,-0.0261110927313868,0.97352874685891,198.462138813966,17.3413016122738,4.01036800531463,MoNbTaVW,0.155247433960763,0.472074473566897,0.353462382084521,0.00757081036969871,0.0116449000181209,2,7,63
0.155247433960763_0.472074473566897_0.353462382084521_0.00757081036969871_0.0116449000181209_3,63,2.85864316515122,-2.26915031690781,9.33949505454356,5.04144912472938,-0.394694423765366,0.000361928726359183,0.0559821287260541,-0.0263844406168532,0.962252956210393,197.61155654073,17.2453639178941,4.15292599406956,MoNbTaVW,0.155247433960763,0.472074473566897,0.353462382084521,0.00757081036969871,0.0116449000181209,3,7,63
0.1_0.9_0_0_0_1,64,2.62146740349331,-2.30659311439159,7.97394639169343,3.94782214669473,-0.555619312443475,0.0132497803766581,0.0436620379307706,-0.00694470639480854,0.791462713697346,191.163273950051,13.6951731687406,1.21734761081017,MoNb,0.1,0.9,0,0,0,1,100,64
0.1_0.9_0_0_0_2,64,2.64431260974316,-2.26528930825035,8.21495229473997,4.03336094607742,-0.58804841283794,0.0281726629072189,0.0477484125436424,-0.0107129707039394,0.849897932797617,191.10660487211,14.0513642460754,1.22038095354916,MoNb,0.1,0.9,0,0,0,2,100,64
0.1_0.9_0_0_0_3,64,2.63922278966677,-2.28278246569787,8.11366238261965,3.99776059105279,-0.575252833836629,0.0211112931992155,0.0477115934712738,-0.00704833054322772,0.824808174191649,191.046471122448,13.909729617606,1.20371657107575,MoNb,0.1,0.9,0,0,0,3,100,64
0.1_0_0.9_0_0_1,65,3.13993915703279,-1.92277973166646,9.84882624042108,6.14362138304586,0.730817503648829,0.346995310190313,0.00219018334859268,-0.0136620540433224,1.43530618800086,136.004895399241,22.9475056137969,4.13093251725421,MoTa,0.1,0,0.9,0,0,1,100,65
0.1_0_0.9_0_0_2,65,3.14797063610151,-1.9173226922034,9.91987899816397,6.20336155110339,0.753014183843171,0.354831660654639,0.00388869730793653,-0.0125476569130797,1.45357959606195,136.000234874289,23.2001822539143,4.11158335405595,MoTa,0.1,0,0.9,0,0,2,100,65
0.1_0_0.9_0_0_3,65,3.11415853808771,-1.93378396925747,9.70422442533097,6.02873389230877,0.693874659418828,0.33697507010037,0.00384482729036316,-0.0127360071609422,1.39872746740838,135.979162735933,22.503623655536,4.12657976512959,MoTa,0.1,0,0.9,0,0,3,100,65
0.1_0_0_0.9_0_1,66,2.67785295481701,-2.27691734624547,8.44812291022131,4.1959461334044,-0.590883583335591,-0.00415217302132786,0.0497887279289353,-0.00750876617854877,0.863872748418465,193.465180357757,14.4909452135338,1.11774172763225,MoV,0.1,0,0,0.9,0,1,100,66
0.1_0_0_0.9_0_2,66,2.66395153568348,-2.30058709033137,8.30324045021241,4.14326886618759,-0.571113262481839,-0.0118530049796771,0.048622787463153,-0.004020111058464,0.829121355395546,193.404765804998,14.2860987153987,1.1219302777145,MoV,0.1,0,0,0.9,0,2,100,66
0.1_0_0_0.9_0_3,66,2.66358431843918,-2.29065652212877,8.35300170866417,4.15364270070058,-0.586070945626685,-0.0124652385626509,0.0481136595163954,-0.00567911640863417,0.842454810391319,193.248922909166,14.3126507290686,1.1214501056672,MoV,0.1,0,0,0.9,0,3,100,66
0.1_0_0_0_0.9_1,67,3.60943284279841,-2.19283422903492,19.9384927662525,10.4496319624024,-0.81634113079282,0.139538134581989,0.106046310422301,-0.0119220080345765,2.21776949322899,406.881167145381,36.7977782783615,2.40422809735346,MoW,0.1,0,0,0,0.9,1,100,67
0.1_0_0_0_0.9_2,67,3.61049666323086,-2.18925640768704,19.99697499523,10.478545444635,-0.818916612719755,0.142663510364145,0.105671461250564,-0.0142499912500042,2.23227431746552,406.877571664632,36.900381811782,2.3853066125975,MoW,0.1,0,0,0,0.9,2,100,67
0.1_0_0_0_0.9_3,67,3.60356561864507,-2.1982250776698,19.8489435213136,10.4037206316974,-0.816408431702111,0.133261645246491,0.104237823994827,-0.0123480600478919,2.1959046570642,406.895018551505,36.605691300525,2.39371538990748,MoW,0.1,0,0,0,0.9,3,100,67
0.259711352455833_0.452956645498186_0.191609821074781_0.0593225998699225_0.036399581101278_1,53,2.93313686250353,-2.39032400730205,10.110606251007,5.58135692490457,-0.417845185634652,-0.117404159878534,0.120343931093755,-0.0778261194877114,0.922317406542325,215.311477705346,18.614891441843,5.87639368022618,MoNbTaVW,0.259711352455833,0.452956645498186,0.191609821074781,0.0593225998699225,0.036399581101278,1,19,53
0.259711352455833_0.452956645498186_0.191609821074781_0.0593225998699225_0.036399581101278_2,53,2.95805469854102,-2.37086393374734,10.3221684751412,5.65109672190393,-0.444208725617396,-0.106153724402885,0.112135684757071,-0.0706143273803102,0.96022477947349,218.753111323546,18.9167697333133,7.86298437690111,MoNbTaVW,0.259711352455833,0.452956645498186,0.191609821074781,0.0593225998699225,0.036399581101278,2,19,53
0.259711352455833_0.452956645498186_0.191609821074781_0.0593225998699225_0.036399581101278_3,53,2.96051271763041,-2.36446049671214,10.421214503649,5.67026659333777,-0.459685172336,-0.0946505882655286,0.108861474821318,-0.0719384993215882,0.97570635863813,221.828132072671,19.0309872915281,6.05612914484412,MoNbTaVW,0.259711352455833,0.452956645498186,0.191609821074781,0.0593225998699225,0.036399581101278,3,19,53
0.25_0.25_0.25_0.25_0_1,54,2.69412839423458,-2.41017030367398,7.46956127044272,4.28124824528136,-0.0525603200347312,-0.0277006370638394,0.00770099420280147,-0.0019314865849802,0.667823490150544,165.02350132282,14.6806672585324,2.36130177177129,Mo_Nb_Ta_V,0.25,0.25,0.25,0.25,0,1,0,54
0.25_0.25_0.25_0_0.25_1,55,3.02702867258104,-2.31465767422832,10.9456943710015,5.94298752627738,-0.362564619745298,-0.00506574790483955,0.0361788272711243,-0.0107244818607684,1.07734028495056,239.586946114805,20.4543480721095,3.70905053042826,Mo_Nb_Ta_W,0.25,0.25,0.25,0,0.25,1,0,55
0.25_0.25_0_0.25_0.25_1,56,2.98901164111057,-2.36233509739982,10.4735442962325,5.805647782901,-0.305647854340936,-0.0540465672663865,0.0313270312977455,-0.00707406310161026,0.982656857392369,232.562089812155,19.7404292161874,3.53956640717495,Mo_Nb_V_W,0.25,0.25,0,0.25,0.25,1,0,56
0.25_0_0.25_0.25_0.25_1,57,3.03330786837648,-2.3496767005279,10.5647698080704,6.04615528593984,-0.136920281031024,-0.0682530435809596,0.0184994258626968,-0.00721882724189998,1.00376162162396,219.126218379839,20.5454625523837,3.95140154287274,Mo_Ta_V_W,0.25,0,0.25,0.25,0.25,1,0,57
0.2_0.2_0.2_0.2_0.2_1,59,2.92278999878791,-2.34132592131048,9.57858670780982,5.40710036552439,-0.159123008601432,-0.042156041962092,0.0187145042755018,-0.00899918214277309,0.917757118134687,201.071134036266,18.4706895415625,4.00231505821615,Mo_Nb_Ta_V_W,0.2,0.2,0.2,0.2,0.2,1,0,59
0.2_0.8_0_0_0_1,58,2.71786480505959,-2.34132592131047,8.59655971951007,4.35590792231404,-0.52613602531783,0.00154825054601769,0.0411246092321683,-0.00574017784576307,0.823974792267724,207.818985869286,15.0524303991347,2.31098199686329,MoNb,0.2,0.8,0,0,0,1,0,58
0.2_0.8_0_0_0_2,58,2.72387382646049,-2.3351082846996,8.63702920893128,4.37345092264991,-0.529563569278645,0.00422891953593814,0.0417015997163682,-0.00577421822387441,0.833036092618106,207.898422181278,15.1241903872904,2.33453531578977,MoNb,0.2,0.8,0,0,0,2,0,58
0.2_0.8_0_0_0_3,58,2.72209823864171,-2.3351082846996,8.63635849209144,4.37179422607839,-0.53029757997274,0.0037164996198527,0.0411252699384672,-0.0061676520511925,0.832972907868251,207.903563553793,15.1148353954106,2.29217284792073,MoNb,0.2,0.8,0,0,0,3,0,58
0.2_0_0.8_0_0_1,60,2.99081494920236,-2.06988732887502,9.35264954810671,5.48116010757624,0.268541487703647,0.172596914588392,0.00601111725214364,-0.00902314776720281,1.17632555756738,151.395998222337,19.8479279761798,3.73451446159465,MoTa,0.2,0,0.8,0,0,1,0,60
0.2_0_0.8_0_0_2,60,2.99630780113513,-2.06830379726937,9.36922195223588,5.49356616296754,0.271149955826699,0.173255804262337,0.00572913250348555,-0.00950973341130465,1.18028220899443,151.353760016516,19.8911195187384,3.8203886262919,MoTa,0.2,0,0.8,0,0,2,0,60
0.2_0_0.8_0_0_3,60,3.02061199623065,-2.05104846717863,9.55683555880532,5.6241707086081,0.301580845044009,0.184105941681149,0.0054486079185453,-0.00981350769857994,1.2249198925881,151.404349441114,20.3987964394816,3.76015898632933,MoTa,0.2,0,0.8,0,0,3,0,60
0.2_0_0_0.8_0_1,61,2.78966147053666,-2.24809690770997,9.23299798478545,4.68160592581695,-0.561177442308553,-0.00625455222745642,0.0566121419148091,-0.00542582587011458,0.971754649464353,199.312702102475,16.2007615323665,1.95224666817453,MoV,0.2,0,0,0.8,0,1,0,61
0.2_0_0_0.8_0_2,61,2.77751534831946,-2.25761172735131,9.16160213378949,4.64605856206995,-0.559735044904924,-0.0113711973191246,0.0556951152016603,-0.00416598668388903,0.955081993043087,199.362203678006,16.059081345894,1.87410709421645,MoV,0.2,0,0,0.8,0,2,0,61
0.2_0_0_0.8_0_3,61,2.77714580749106,-2.25761172735131,9.14876409903126,4.634956199188,-0.569909287247545,-0.0188868813039916,0.0522792378019426,-0.00563276958841917,0.953757116364565,199.236118569191,15.9707180777208,1.90522511476774,MoV,0.2,0,0,0.8,0,3,0,61
0.2_0_0_0_0.8_1,62,3.57439586236579,-2.21457421567134,19.3496508838963,10.1194050051006,-0.824336383004042,0.105755991310715,0.0973819985257174,-0.0112804668256409,2.10587089811018,402.14931525947,35.5095499166714,2.31461658363521,MoW,0.2,0,0,0,0.8,1,0,62
0.2_0_0_0_0.8_2,62,3.54451862527415,-2.24620475955795,18.841978352763,9.87759127027721,-0.806733328070026,0.0767073246332914,0.0905615684229916,-0.00818357135814727,1.9865653655306,402.001643777435,34.5365407151046,2.29151077470863,MoW,0.2,0,0,0,0.8,2,0,62
0.2_0_0_0_0.8_3,62,3.56892891590483,-2.2200838714823,19.2586049807462,10.076336105944,-0.821814014278907,0.100716408534504,0.0973958153771896,-0.0103277886800116,2.08440760847272,402.003154330454,35.3394223832776,2.32750398400713,MoW,0.2,0,0,0,0.8,3,0,62
0.333333333333333_0.333333333333333_0.333333333333333_0_0_1,43,2.90022627447832,-2.23867176725039,9.66562263940785,5.17986738112882,-0.305858725962862,0.038108161808911,0.0300684784764855,-0.00480758444932033,1.02673106115282,200.047645719541,18.0978696994521,1.77163386807402,Mo_Nb_Ta,0.333333333333333,0.333333333333333,0.333333333333333,0,0,1,0,43
0.333333333333333_0.333333333333333_0_0.333333333333333_0_1,44,2.71303941690704,-2.47693848013882,7.88512435173185,4.37763533753355,-0.186097745041575,-0.0453424298468735,0.0105853770899126,0.00158820217078872,0.659356176312015,193.482091060234,14.9397082907776,1.30005288509747,Mo_Nb_V,0.333333333333333,0.333333333333333,0,0.333333333333333,0,1,0,44
0.333333333333333_0.333333333333333_0_0_0.333333333333333_1,45,3.14315796856149,-2.34549259400532,12.7270090410982,6.67744621873751,-0.582686107722194,-0.0130447280987193,0.0413596553994512,-0.00650544825412682,1.21463518192833,296.241495418148,23.0228042873722,2.11827026986018,Mo_Nb_W,0.333333333333333,0.333333333333333,0,0,0.333333333333333,1,0,45
0.333333333333333_0_0.333333333333333_0.333333333333333_0_1,46,2.85109544897525,-2.36233509739982,8.64874170582197,5.05502743221941,-0.0170753290298723,-0.0699452557160155,0.0009739697888152,0.000782447460708172,0.811273330752029,175.295858024239,17.1542945540062,2.41461555138329,Mo_Ta_V,0.333333333333333,0,0.333333333333333,0.333333333333333,0,1,0,46
0.333333333333333_0_0.333333333333333_0_0.333333333333333_1,47,3.20840227583627,-2.29263476214088,13.0728006202241,7.16847669354856,-0.363842622257958,-0.0164605388629861,0.0308375059666588,-0.00460315254932985,1.31541553012371,275.853922954998,24.6678517835045,1.98555163493838,Mo_Ta_W,0.333333333333333,0,0.333333333333333,0,0.333333333333333,1,0,47
0.333333333333333_0_0_0.333333333333333_0.333333333333333_1,48,3.2255514643219,-2.26528930825035,13.541842322002,7.31039803292745,-0.484885797427823,-0.0432660192998907,0.0402643100081875,-0.00425718415372505,1.40061985792812,279.346648365363,25.0743290890565,0.747560288971258,Mo_V_W,0.333333333333333,0,0,0.333333333333333,0.333333333333333,1,0,48
0.379867673301018_0.452048805094202_0.0375305434025656_0.108994048771415_0.0215589294307989_1,42,2.98542068751027,-2.34967670052789,10.8878661385457,5.72069031853068,-0.536843082154445,-0.00633954908686874,0.0388831124857068,-0.00646876002897441,1.03477840559437,259.264078549958,19.6448239999241,2.19797148921899,MoNbTaVW,0.379867673301018,0.452048805094202,0.0375305434025656,0.108994048771415,0.0215589294307989,1,3,42
0.379867673301018_0.452048805094202_0.0375305434025656_0.108994048771415_0.0215589294307989_2,42,2.98850540724793,-2.3434070875143,10.9493951914688,5.74673246150228,-0.542735733999905,-0.00541004545658535,0.0405819915052355,-0.00416374363724237,1.04719656034457,259.240424172394,19.7529026285001,2.1606039742026,MoNbTaVW,0.379867673301018,0.452048805094202,0.0375305434025656,0.108994048771415,0.0215589294307989,2,3,42
0.379867673301018_0.452048805094202_0.0375305434025656_0.108994048771415_0.0215589294307989_3,42,2.97229947517374,-2.36659042296996,10.7471073784027,5.66245897215929,-0.521908793365173,-0.0106947744293765,0.0391157509493624,-0.00386786834620586,1.00419738043483,259.198382790812,19.4336203440439,2.2053644497551,MoNbTaVW,0.379867673301018,0.452048805094202,0.0375305434025656,0.108994048771415,0.0215589294307989,3,3,42
0.3_0.7_0_0_0_1,49,2.78278738982932,-2.33510828469961,9.07407194141689,4.62297144654638,-0.511035649018271,0.000252571043535475,0.0410443924338132,-0.00816134991178491,0.875157666281196,214.047919342837,16.0129612425821,3.34428051441216,MoNb,0.3,0.7,0,0,0,1,100,49
0.3_0.7_0_0_0_2,49,2.74401651968755,-2.38379514841959,8.74220141947139,4.48825930785876,-0.472436393802154,-0.0108608269202973,0.0358019141525319,-0.00920847637488359,0.802923435977438,214.249585897991,15.4859045809983,3.2865665802092,MoNb,0.3,0.7,0,0,0,2,100,49
0.3_0.7_0_0_0_3,49,2.76821552836956,-2.3580978029243,8.91984252154906,4.56139327446931,-0.491937859299041,-0.00358633909349699,0.0397009688231983,-0.00891556149026187,0.840651211243415,214.209824694575,15.7780625758739,3.33122311765686,MoNb,0.3,0.7,0,0,0,3,100,49
0.3_0_0.7_0_0_1,50,2.9611101864305,-2.17683388768849,9.53373706844838,5.38288874555092,0.0595347779666459,0.0853026251613294,0.00270946199525559,-0.00422347304062806,1.07727369153181,171.857402346734,19.1715069165539,2.69990007619858,MoTa,0.3,0,0.7,0,0,1,100,50
0.3_0_0.7_0_0_2,50,3.00284425829596,-2.1404662435176,9.89674784753501,5.61036929691108,0.0853146136359455,0.0960373868852211,0.0025335542475154,-0.00476522706005857,1.15983747382652,171.872427310995,20.0112299145684,2.71483571503746,MoTa,0.3,0,0.7,0,0,2,100,50
0.3_0_0.7_0_0_3,50,2.97795175204117,-2.16456379509667,9.65762212507388,5.46018200239645,0.0688019418238155,0.0898935220797615,0.00331016398462069,-0.00393288566995678,1.10478437290603,171.945239000324,19.4643250373088,2.72602550444424,MoTa,0.3,0,0.7,0,0,3,100,50
0.3_0_0_0.7_0_1,51,2.90913649977081,-2.19283422903493,10.2846194652449,5.29368747377756,-0.573482413935489,-0.000888053845763704,0.0660990551983631,-0.00474937895630796,1.1440905812312,207.661168395723,18.3261418780339,0.551746424563102,MoV,0.3,0,0,0.7,0,1,100,51
0.3_0_0_0.7_0_2,51,2.85665382339008,-2.26336437984076,9.71855937039461,5.04839206761583,-0.524821442645358,-0.0315098697150785,0.0523775029448702,-0.000574079989392791,1.00725580641756,207.78532665116,17.3368710324105,0.494956467896952,MoV,0.3,0,0,0.7,0,2,100,51
0.3_0_0_0.7_0_3,51,2.88820376687061,-2.22192718997658,10.0585236895767,5.20323217799882,-0.547889761982887,-0.0136722642506809,0.0594099100158385,-0.00345935596849657,1.08674626479127,207.764100890842,17.9514337622101,0.551417609121757,MoV,0.3,0,0,0.7,0,3,100,51
0.3_0_0_0_0.7_1,52,3.52553438113076,-2.24999264287488,18.575635032071,9.7041238905462,-0.814999760334493,0.0682874219901899,0.0870155026402268,-0.00675884412571931,1.95107622957995,398.036235605869,33.9248408330608,2.05957021888358,MoW,0.3,0,0,0,0.7,1,100,52
0.3_0_0_0_0.7_2,52,3.51295037558689,-2.26528930825035,18.3408739536576,9.5917790296056,-0.807070021886107,0.0535217586441341,0.080591234945486,-0.00827940921087679,1.8970815895064,398.085302478156,33.4514516188778,2.06040810500873,MoW,0.3,0,0,0,0.7,2,100,52
0.3_0_0_0_0.7_3,52,3.52368670071972,-2.2557015070952,18.4896785403843,9.66368553611639,-0.811191524688251,0.0637271181242224,0.0858880516154664,-0.00676751081568895,1.93095504008786,398.010427051009,33.7621377953576,2.05335140486688,MoW,0.3,0,0,0,0.7,3,100,52
0.428571428571429_0.21428571428571_0.0714285714285714_0.0714285714285714_0.214285714285714_1,37,3.22082958035526,-2.31061726469131,13.5878875800541,7.30893916973885,-0.644792207813663,-0.0365100135040683,0.0874902562808263,-0.0388416102468557,1.34295341206147,300.057752411216,24.8084732485827,4.84831335748118,MoNbTaVW,0.428571428571429,0.21428571428571,0.0714285714285714,0.0714285714285714,0.214285714285714,1,17,37
0.428571428571429_0.21428571428571_0.0714285714285714_0.0714285714285714_0.214285714285714_2,37,3.2258562376593,-2.30058709033138,13.700477365567,7.35412339106964,-0.661294994979438,-0.0380497127519408,0.0845626355737684,-0.0422066559421127,1.3677958660083,300.027880621548,24.9399792496447,4.8179687082753,MoNbTaVW,0.428571428571429,0.21428571428571,0.0714285714285714,0.0714285714285714,0.214285714285714,2,17,37
0.428571428571429_0.21428571428571_0.0714285714285714_0.0714285714285714_0.214285714285714_3,37,3.22541780944278,-2.30058709033137,13.7246444071022,7.35511340041054,-0.661309890361245,-0.0304149077067025,0.0816955303599547,-0.0390026231025353,1.37021111100592,302.164768697176,24.9872777345913,4.7370766884426,MoNbTaVW,0.428571428571429,0.21428571428571,0.0714285714285714,0.0714285714285714,0.214285714285714,3,17,37
0.468262892970793_0.205354348088931_0.0988444935627599_0.168163171984643_0.0593750933928729_1,36,3.20363217734101,-2.27108642593467,13.3922734610761,7.18765864022694,-0.644781496926827,-0.0332066750939961,0.0876987164969093,-0.0458878774467776,1.37719563983543,282.902301161869,24.3920671526767,4.86775953724896,MoNbTaVW,0.468262892970793,0.205354348088931,0.0988444935627599,0.168163171984643,0.0593750933928729,1,15,36
0.468262892970793_0.205354348088931_0.0988444935627599_0.168163171984643_0.0593750933928729_2,36,3.18685159361638,-2.29461692334487,13.125236913368,7.08040948262784,-0.615027288041736,-0.040599308069069,0.0887804039539786,-0.0457204627153687,1.31821598043105,282.199942881574,23.9895564067046,4.78957849210695,MoNbTaVW,0.468262892970793,0.205354348088931,0.0988444935627599,0.168163171984643,0.0593750933928729,2,15,36
0.468262892970793_0.205354348088931_0.0988444935627599_0.168163171984643_0.0593750933928729_3,36,3.18637360657182,-2.29461692334488,13.1301274614043,7.07235008687907,-0.618172269495424,-0.0387022159955307,0.0886195024850544,-0.0435535756989131,1.31870997355598,282.798231110909,23.9847957050892,4.82117907132037,MoNbTaVW,0.468262892970793,0.205354348088931,0.0988444935627599,0.168163171984643,0.0593750933928729,3,15,36
0.471211344493835_0.393716987664529_0.028239730499606_0.0173855623909212_0.0894463749511089_1,35,3.0260257549863,-2.35598586972116,11.2131314995453,6.01096919484198,-0.53204709702721,-0.030573594528819,0.0589509163839085,-0.0252485678110976,1.05892296938285,262.251517617014,20.4179304602607,3.66137524347281,MoNbTaVW,0.471211344493835,0.393716987664529,0.028239730499606,0.0173855623909212,0.0894463749511089,1,2,35
0.471211344493835_0.393716987664529_0.028239730499606_0.0173855623909212_0.0894463749511089_2,35,3.03846783633932,-2.33924907736563,11.3758011876485,6.0748971188823,-0.548903695397193,-0.0253510215378597,0.059229473547038,-0.0255064457201662,1.09249494098945,262.554373900249,20.6675994506913,3.66517444334483,MoNbTaVW,0.471211344493835,0.393716987664529,0.028239730499606,0.0173855623909212,0.0894463749511089,2,2,35
0.471211344493835_0.393716987664529_0.028239730499606_0.0173855623909212_0.0894463749511089_3,35,3.02804053498338,-2.3496767005279,11.275662756733,6.03093279517657,-0.541202720650063,-0.0308533222234539,0.0566916272161329,-0.0263154246185643,1.07160210339208,262.482574249885,20.4843250076904,3.67884101055338,MoNbTaVW,0.471211344493835,0.393716987664529,0.028239730499606,0.0173855623909212,0.0894463749511089,3,2,35
0.4_0.6_0_0_0_1,38,2.82952462865183,-2.39250980052203,9.48144169066217,4.85412713657011,-0.477064531849139,-0.00581229727373328,0.0329348475632991,-0.00219388726834658,0.863213527452381,232.189319946848,16.8722085811012,2.86674952694951,MoNb,0.4,0.6,0,0,0,1,0,38
0.4_0.6_0_0_0_2,38,2.82847922430392,-2.39470038190185,9.47062880189757,4.85085886748952,-0.472445255060617,-0.00484262755630509,0.0327589324681802,-0.000159004393352149,0.860331109806671,232.316113979805,16.8742008478432,2.84603293577584,MoNb,0.4,0.6,0,0,0,2,0,38
0.4_0.6_0_0_0_3,38,2.82618403574377,-2.39909599337489,9.43715052644211,4.83908890644885,-0.468001446954901,-0.00716002083531996,0.0302576536941772,-0.00286638832154629,0.853515794827746,232.264079825053,16.8085717291191,2.86914942167492,MoNb,0.4,0.6,0,0,0,3,0,38
0.4_0_0.6_0_0_1,39,2.99822087322239,-2.23119509690737,10.1957718079915,5.65459740750671,-0.0645025501891816,0.0370653123741028,0.00898437757769541,-0.00350898180648924,1.09099435216485,193.220938877362,19.921567163775,3.23110202961271,MoTa,0.4,0,0.6,0,0,1,0,39
0.4_0_0.6_0_0_2,39,2.99614797589392,-2.23119509690738,10.197796216073,5.66039862562383,-0.0647548655842089,0.0355946630635565,0.00895082187250362,-0.00303813959248127,1.09123426069738,193.239928192106,19.9306183725764,3.17124427776945,MoTa,0.4,0,0.6,0,0,2,0,39
0.4_0_0.6_0_0_3,39,3.00847439174178,-2.2200838714823,10.3091195241202,5.71942519442943,-0.0656303318104012,0.0358330243083634,0.00696048066732706,-0.00352394129825663,1.11552014047266,193.44965427962,20.1356201430694,3.20574400507933,MoTa,0.4,0,0.6,0,0,3,0,39
0.4_0_0_0.6_0_1,40,2.99773476194942,-2.19462795148895,11.0704583124704,5.75645970621638,-0.548259706153304,-0.00890745772419088,0.0624052205544703,-0.00439467744507595,1.22924888825525,219.33609216644,19.9360603322921,2.01354077295363,MoV,0.4,0,0,0.6,0,1,0,40
0.4_0_0_0.6_0_2,40,2.99165545170696,-2.20364514513914,10.9894439460168,5.71519277629858,-0.543188434040234,-0.012301772757696,0.0597481808320719,-0.00464166371702305,1.20926581703343,219.492643796375,19.7775456543551,1.93916094056283,MoV,0.4,0,0,0.6,0,2,0,40
0.4_0_0_0.6_0_3,40,2.96706735701954,-2.23119509690737,10.7410798178721,5.60795266754471,-0.525935358427942,-0.0245029008005771,0.0551757478504019,-0.00304298447705036,1.14971144973213,219.571202264526,19.341742344911,1.90919216538711,MoV,0.4,0,0,0.6,0,3,0,40
0.4_0_0_0_0.6_1,41,3.50517080088334,-2.25570150709519,18.2868133434401,9.51478421149565,-0.824923108001244,0.0575357409839117,0.0826625074352958,-0.0082180674213946,1.90979539238053,393.892306034079,33.2421413319954,1.56069544280206,MoW,0.4,0,0,0,0.6,1,0,41
0.4_0_0_0_0.6_2,41,3.50432810057809,-2.2557015070952,18.289771885508,9.51613633627449,-0.820648051089324,0.0604696274356352,0.0843064486587899,-0.00437701009219282,1.91009805838324,394.07918708616,33.2812332563777,1.53344642420941,MoW,0.4,0,0,0,0.6,2,0,41
0.4_0_0_0_0.6_3,41,3.50182955382868,-2.26144314966287,18.2060414186763,9.47624378148274,-0.817649227723458,0.0583482734924492,0.084419439024549,-0.00613880933312115,1.89043051005647,394.151222502528,33.1243188954584,1.54378053563264,MoW,0.4,0,0,0,0.6,3,0,41
0.503329559403349_0.247824139044354_0.188119014393079_0.00428983457920873_0.0564374525800091_1,30,3.12745010304934,-2.3496767005279,12.1048156729211,6.73925934294143,-0.499512461237729,-0.123747189190625,0.141569605733572,-0.087480868805788,1.15023523216854,249.095112624326,22.4413876099543,7.07512871293507,MoNbTaVW,0.503329559403349,0.247824139044354,0.188119014393079,0.00428983457920873,0.0564374525800091,1,4,30
0.503329559403349_0.247824139044354_0.188119014393079_0.00428983457920873_0.0564374525800091_2,30,3.11302128745464,-2.36446049671213,12.0317226035491,6.67994424843997,-0.506346323093371,-0.112090032145,0.124020584735074,-0.078165579365789,1.12647359848742,258.319713583005,22.2590960760343,7.48280898992615,MoNbTaVW,0.503329559403349,0.247824139044354,0.188119014393079,0.00428983457920873,0.0564374525800091,2,4,30
0.503329559403349_0.247824139044354_0.188119014393079_0.00428983457920873_0.0564374525800091_3,30,3.10565588982041,-2.37515578582888,11.7883991182921,6.63830717901621,-0.467717459199125,-0.144009093542274,0.146277810009104,-0.0931475454002522,1.09184978886123,246.019995294733,21.9640549135189,7.63347692875676,MoNbTaVW,0.503329559403349,0.247824139044354,0.188119014393079,0.00428983457920873,0.0564374525800091,3,4,30
0.504239736400679_0.247380428204709_0.204703754034917_0.037834383181405_0.00584169817828904_1,29,3.07472977141456,-2.39250980052204,11.3495661096279,6.46386238403608,-0.418253665204776,-0.156980315610927,0.144777208923411,-0.106154012415415,1.03301241895065,237.367476540625,21.2550285580949,7.89637843792681,MoNbTaVW,0.504239736400679,0.247380428204709,0.204703754034917,0.037834383181405,0.00584169817828904,1,5,29
0.504239736400679_0.247380428204709_0.204703754034917_0.037834383181405_0.00584169817828904_2,29,3.05156671877141,-2.41463459680267,11.0249610620505,6.37149143787956,-0.367674389845817,-0.189189320128731,0.170399228905199,-0.120968724870061,0.981348634400785,225.664316737094,20.8268659224905,7.37788951735536,MoNbTaVW,0.504239736400679,0.247380428204709,0.204703754034917,0.037834383181405,0.00584169817828904,2,5,29
0.504239736400679_0.247380428204709_0.204703754034917_0.037834383181405_0.00584169817828904_3,29,3.07691891091275,-2.4236234213711,11.9964982721812,6.22709037560208,-0.507097103052357,-0.0292637274914747,0.0388718439875055,-0.0170742573897182,1.05849570411846,291.218128894998,21.5980716222275,5.05200686037882,MoNbTaVW,0.504239736400679,0.247380428204709,0.204703754034917,0.037834383181405,0.00584169817828904,3,5,29
0.511625604836722_0.228321557179184_0.217815058158683_0.0118242338074101_0.0304135460180009_1,28,3.14734054894522,-2.3538783873816,13.2704078835641,6.42443068765387,-0.56129967129827,0.00359715957443198,0.0355487870161054,-0.00780850999254516,1.25583731562286,290.997471433751,23.1989024120662,6.4113456837058,MoNbTaVW,0.511625604836722,0.228321557179184,0.217815058158683,0.0118242338074101,0.0304135460180009,1,8,28
0.511625604836722_0.228321557179184_0.217815058158683_0.0118242338074101_0.0304135460180009_2,28,3.13000117627638,-2.3816283003345,12.9232127156887,6.31633396670546,-0.53979922506016,-0.00348663869011813,0.0366637686486379,-0.00429027699744642,1.18937183532995,291.357019502438,22.7076481846673,6.11956531879741,MoNbTaVW,0.511625604836722,0.228321557179184,0.217815058158683,0.0118242338074101,0.0304135460180009,2,8,28
0.511625604836722_0.228321557179184_0.217815058158683_0.0118242338074101_0.0304135460180009_3,28,3.14069473741573,-2.36872489549859,13.1560231876313,6.35209771508496,-0.548301847323799,0.00083494019000452,0.0332402809736473,-0.0085748077497475,1.22658921410566,291.047818972887,22.9718153993327,6.53929074362914,MoNbTaVW,0.511625604836722,0.228321557179184,0.217815058158683,0.0118242338074101,0.0304135460180009,3,8,28
0.517148450160615_0.331375807305149_0.115906166820041_0.000380151477743418_0.035189424236_1,27,3.06672438672856,-2.39470038190185,11.9546679848723,6.04080230222404,-0.52302558238428,-0.0212008348992455,0.0508508387738789,-0.0181325218370759,1.08588860448625,276.80761231587,21.2526488278659,6.14624555950767,MoNbTaVW,0.517148450160615,0.331375807305149,0.115906166820041,0.000380151477743418,0.035189424236,1,16,27
0.517148450160615_0.331375807305149_0.115906166820041_0.000380151477743418_0.035189424236_2,27,3.086852330982,-2.36233509739982,12.2551583632221,6.17342245772572,-0.554114434530151,-0.0159485481900573,0.0508899416772905,-0.0211628582604888,1.14996622565043,276.67288848276,21.718485965679,6.205827818211,MoNbTaVW,0.517148450160615,0.331375807305149,0.115906166820041,0.000380151477743418,0.035189424236,2,16,27
0.517148450160615_0.331375807305149_0.115906166820041_0.000380151477743418_0.035189424236_3,27,3.03117892902408,-2.44645546341375,11.4712776375952,5.82971573593465,-0.475442864492827,-0.0322901598841574,0.0464161337626493,-0.0196116998120278,0.98919173891369,276.813031500208,20.4627722464248,6.02880419762922,MoNbTaVW,0.517148450160615,0.331375807305149,0.115906166820041,0.000380151477743418,0.035189424236,3,16,27
0.558945134699421_0.224767879224168_0.0360116057942282_0.00575377413400183_0.174521606148182_1,26,3.21725972773518,-2.27496992596106,13.6213405913617,7.2770851598362,-0.681522124609581,-0.03034478617569,0.091142970893317,-0.0459311778675125,1.39532379696986,290.890886330166,24.7112998793935,4.87836064543659,MoNbTaVW,0.558945134699421,0.224767879224168,0.0360116057942282,0.00575377413400183,0.174521606148182,1,12,26
0.558945134699421_0.224767879224168_0.0360116057942282_0.00575377413400183_0.174521606148182_2,26,3.19233258452302,-2.30860316531961,13.2478533942945,7.11033490286155,-0.645657526010457,-0.0440861566862027,0.0860526644711908,-0.0468283393270547,1.3120100619064,290.868153576231,24.0753715457452,4.80920607969224,MoNbTaVW,0.558945134699421,0.224767879224168,0.0360116057942282,0.00575377413400183,0.174521606148182,2,12,26
0.558945134699421_0.224767879224168_0.0360116057942282_0.00575377413400183_0.174521606148182_3,26,3.1779129346169,-2.32278780031156,13.0980356959547,7.04918718421842,-0.625869394784322,-0.0455207508632886,0.0880208437041237,-0.0443239991229075,1.27882095712562,290.853277979881,23.8731136460588,4.846429675702,MoNbTaVW,0.558945134699421,0.224767879224168,0.0360116057942282,0.00575377413400183,0.174521606148182,3,12,26
0.563095086535493_0.21996689987593_0.0430743302859987_0.167507649400474_0.00635603390210454_1,25,3.22409268735881,-2.26915031690781,13.9900339539285,7.20414091888786,-0.709108588604977,0.0219209598654005,0.0509416332032282,-0.0155430368007594,1.44154369588415,308.633552342466,25.0074751799273,2.79194743011839,MoNbTaVW,0.563095086535493,0.21996689987593,0.0430743302859987,0.167507649400474,0.00635603390210454,1,10,25
0.563095086535493_0.21996689987593_0.0430743302859987_0.167507649400474_0.00635603390210454_2,25,3.19845397013783,-2.31263542884754,13.534624477145,7.0128760481982,-0.664212250168827,0.00345480000830868,0.0464974601359623,-0.00715692582638743,1.33504937749644,309.087018030123,24.2854562905331,2.61128178951193,MoNbTaVW,0.563095086535493,0.21996689987593,0.0430743302859987,0.167507649400474,0.00635603390210454,2,10,25
0.563095086535493_0.21996689987593_0.0430743302859987_0.167507649400474_0.00635603390210454_3,25,3.20289965552357,-2.30258509299405,13.6337913545697,7.0515017208799,-0.674260494143708,0.0105740516606567,0.0505164735251894,-0.0109203081001413,1.35846526534823,308.642568262595,24.447634543172,2.78770864235653,MoNbTaVW,0.563095086535493,0.21996689987593,0.0430743302859987,0.167507649400474,0.00635603390210454,3,10,25
0.566554128633503_0.211354081867463_0.179894259081616_0.0376029042700819_0.00459462614733669_1,24,3.18089475582375,-2.36446049671213,13.6749848798223,6.61807713580362,-0.593160873459186,0.00494380425927611,0.0487444706476976,-0.0115439613428124,1.28044812706757,302.624086375096,23.8965393590491,6.88422886362965,MoNbTaVW,0.566554128633503,0.211354081867463,0.179894259081616,0.0376029042700819,0.00459462614733669,1,6,24
0.566554128633503_0.211354081867463_0.179894259081616_0.0376029042700819_0.00459462614733669_2,24,3.18616319811305,-2.3538783873816,13.6778028322458,6.6867197293668,-0.60898717064495,0.00477468119203883,0.0485722785981151,-0.0140505925254563,1.29440396959956,303.520638688821,23.9744578869478,6.34042038668447,MoNbTaVW,0.566554128633503,0.211354081867463,0.179894259081616,0.0376029042700819,0.00459462614733669,2,6,24
0.566554128633503_0.211354081867463_0.179894259081616_0.0376029042700819_0.00459462614733669_3,24,3.19578474038909,-2.34758245892478,13.9044407122295,6.68179443536992,-0.610849369655835,0.00711487451754819,0.0471474940569272,-0.0135164529151219,1.32418991550662,302.301105524537,24.1923108746455,6.88234465880635,MoNbTaVW,0.566554128633503,0.211354081867463,0.179894259081616,0.0376029042700819,0.00459462614733669,3,6,24
0.59021386_0.23574696_0.0979682_0.03833502_0.03773596_1,23,3.19099104896175,-2.29065652212877,13.1535847139377,7.14499894677645,-0.642040652156081,-0.0539979266598289,0.106467099551122,-0.0588578879248676,1.32632679518963,279.39526838486,24.0451140375391,4.85672134674331,MoNbTaVW,0.59021386,0.23574696,0.0979682,0.03833502,0.03773596,1,1,23
0.59021386_0.23574696_0.0979682_0.03833502_0.03773596_2,23,3.1914079060572,-2.28671174383776,13.2060513800538,7.1620403233966,-0.649404925210227,-0.0504571859207608,0.1063762119296,-0.0579804963768137,1.33690450793036,280.158436866607,24.1224514223238,4.79003219221057,MoNbTaVW,0.59021386,0.23574696,0.0979682,0.03833502,0.03773596,2,1,23
0.59021386_0.23574696_0.0979682_0.03833502_0.03773596_3,23,3.19199578568659,-2.28671174383776,13.2075179972276,7.16458065497347,-0.65062685008586,-0.052950174608791,0.105808585484133,-0.0591307140132147,1.33705468062082,279.943631835468,24.1139307424718,4.88716443059233,MoNbTaVW,0.59021386,0.23574696,0.0979682,0.03833502,0.03773596,3,1,23
0.5_0.5_0_0_0_1,31,2.93216734384385,-2.37515578582888,10.5147334892376,5.33931707636614,-0.509912186374168,0.001183619762584,0.0312258375846256,-0.00415415914775829,0.974108491433826,251.449067023904,18.6772442349561,2.67721476303504,MoNb,0.5,0.5,0,0,0,1,100,31
0.5_0.5_0_0_0_2,31,2.93428648926462,-2.37086393374734,10.5537057491311,5.35902616921096,-0.510179782147908,0.00310669614841042,0.0303990001889901,-0.0055716202823028,0.981940145688237,251.556714383049,18.747916895243,2.67107986640617,MoNb,0.5,0.5,0,0,0,2,100,31
0.5_0.5_0_0_0_3,31,2.93305880201763,-2.37515578582888,10.5218969344516,5.3441186224942,-0.507024709973949,0.00148292271484254,0.0287962455201097,-0.00560106204344756,0.974772306209017,251.690929975128,18.6883612791037,2.6784817627348,MoNb,0.5,0.5,0,0,0,3,100,31
0.5_0_0.5_0_0_1,32,3.05881781553168,-2.25379492882461,11.007941990497,6.12489904011528,-0.182983012629514,-0.000965454315904344,0.0204695753967298,-0.00604805534547064,1.15158086003346,216.467748310289,21.2093342411161,4.38940365110003,MoTa,0.5,0,0.5,0,0,1,100,32
0.5_0_0.5_0_0_2,32,3.03859741621092,-2.27886856637672,10.7523510970497,5.98777917766117,-0.176356967722924,-0.00443373705089558,0.017456997199481,-0.00615084768415793,1.09688730051762,216.678715651666,20.7129078591383,4.30511596157174,MoTa,0.5,0,0.5,0,0,2,100,32
0.5_0_0.5_0_0_3,32,3.02754868062843,-2.29065652212877,10.640490021385,5.9270436763571,-0.171124802321998,-0.00316133797265827,0.0199250764575193,-0.00445861165603979,1.07270168601031,216.587915032658,20.5230795311548,4.39564460706655,MoTa,0.5,0,0.5,0,0,3,100,32
0.5_0_0_0.5_0_1,33,3.09729673015667,-2.16805420003644,12.15757742579,6.35939355398701,-0.569295616836391,0.00116636125107178,0.0632632639518888,-0.00628575164386364,1.38640769063369,234.939543790394,22.0406627341773,1.60719859527582,MoV,0.5,0,0,0.5,0,1,100,33
0.5_0_0_0.5_0_2,33,3.09037714064349,-2.17155683058764,12.115085826407,6.33845512822542,-0.566440660045218,-0.000230307145100044,0.0625797457266204,-0.00544003858962978,1.37671578401318,234.883701975305,21.9653030530916,1.64387854002596,MoV,0.5,0,0,0.5,0,2,100,33
0.5_0_0_0.5_0_3,33,3.06249107791904,-2.21274438899427,11.7159767690194,6.16007439734384,-0.534634575764702,-0.0177434539431357,0.0533373350069464,-0.00637889273257913,1.27746627290901,234.879347143342,21.2524163108522,1.60148786864001,MoV,0.5,0,0,0.5,0,3,100,33
0.5_0_0_0_0.5_1,34,3.47019699569212,-2.27886856637674,17.7426005319314,9.21284122806431,-0.812367036600009,0.0418043916292058,0.0747801980459467,-0.00715250665369194,1.81039744614192,390.407114663582,32.1434422190122,1.10250206598818,MoW,0.5,0,0,0,0.5,1,100,34
0.5_0_0_0_0.5_2,34,3.503570001437,-2.2424311701743,18.2823726139646,9.45992857822024,-0.843757103346881,0.0691952058221942,0.086042531778963,-0.00790880476139236,1.9349425255989,390.228079703464,33.1429906592541,1.13181099051017,MoW,0.5,0,0,0,0.5,2,100,34
0.5_0_0_0_0.5_3,34,3.48956129791235,-2.25761172735131,18.0542196172906,9.35720451925701,-0.827126259321248,0.0609582856769202,0.0832373466426845,-0.00640109716847786,1.88190521113259,390.3215131344,32.7488764955857,1.11072562779731,MoW,0.5,0,0,0,0.5,3,100,34
0.606956822620089_0.18075601024351_0.0533219540481665_0.0566851789925438_0.102280034095691_1,18,3.20780700368798,-2.33924907736564,13.5517380511863,7.14664139590923,-0.649573898650227,-0.0259044716378994,0.071435842410758,-0.0271562380792116,1.30145997345675,309.866192245517,24.49838987236,4.81005147527424,MoNbTaVW,0.606956822620089,0.18075601024351,0.0533219540481665,0.0566851789925438,0.102280034095691,1,14,18
0.606956822620089_0.18075601024351_0.0533219540481665_0.0566851789925438_0.102280034095691_2,18,3.25807246133746,-2.26721794915676,14.3634062192547,7.50118605671364,-0.725634001426648,0.00354246012155194,0.0792178331467416,-0.0318369055245656,1.48285523427626,309.825369026008,25.8400243013248,4.8660853480901,MoNbTaVW,0.606956822620089,0.18075601024351,0.0533219540481665,0.0566851789925438,0.102280034095691,2,14,18
0.606956822620089_0.18075601024351_0.0533219540481665_0.0566851789925438_0.102280034095691_3,18,3.24419900072612,-2.28671174383776,14.1433660859611,7.40633496492987,-0.703017062786785,-0.00387422704207275,0.0768461456709597,-0.03100442832078,1.43184300691962,309.914716038904,25.4822387096399,4.81432417807894,MoNbTaVW,0.606956822620089,0.18075601024351,0.0533219540481665,0.0566851789925438,0.102280034095691,3,14,18
0.623479547679616_0.202328663221231_0.124409271244214_0.0492229729861422_0.000559544868797162_1,17,3.22571507245347,-2.2730262907525,13.7454676047836,7.40721288831828,-0.685248027441182,-0.0425962035391819,0.104493965178825,-0.0590254250980011,1.41077114892412,289.270748274591,25.0176810700648,5.388901483714,MoNbTaVW,0.623479547679616,0.202328663221231,0.124409271244214,0.0492229729861422,0.000559544868797162,1,18,17
0.623479547679616_0.202328663221231_0.124409271244214_0.0492229729861422_0.000559544868797162_2,17,3.21667984884489,-2.28868218782505,13.5650007774242,7.33121617858733,-0.662995982694779,-0.0462783102128616,0.106325807261411,-0.0555149004323431,1.37052931615591,288.982860784424,24.7615262698605,5.34494179338039,MoNbTaVW,0.623479547679616,0.202328663221231,0.124409271244214,0.0492229729861422,0.000559544868797162,2,18,17
0.623479547679616_0.202328663221231_0.124409271244214_0.0492229729861422_0.000559544868797162_3,17,3.21422769482868,-2.29263476214088,13.5216410432777,7.30084554417273,-0.66618283874753,-0.0503644213711042,0.0998347202659709,-0.0586850915640797,1.36075176329606,289.803963011121,24.6194426207871,5.29341217044902,MoNbTaVW,0.623479547679616,0.202328663221231,0.124409271244214,0.0492229729861422,0.000559544868797162,3,18,17
0.6_0.4_0_0_0_1,19,3.05413325183665,-2.36446049671214,11.7781103986567,6.05821352936763,-0.555347340395359,-0.00410345641106974,0.0380879489148648,-0.00450413214053395,1.10290334667831,278.294367844278,21.0854847990511,2.94341146562323,MoNb,0.6,0.4,0,0,0,1,0,19
0.6_0.4_0_0_0_2,19,3.0568535296856,-2.36446049671214,11.7926851506463,6.05233222902082,-0.557956523104703,-0.00464847946374135,0.0377518070934392,-0.00382460779347742,1.10427198183831,278.365755068807,21.0838969053167,2.9228330036303,MoNb,0.6,0.4,0,0,0,2,0,19
0.6_0.4_0_0_0_3,19,3.04320608348339,-2.3816283003345,11.6342077292748,5.98625810079735,-0.540246270010262,-0.0077159372356905,0.0353896560117072,-0.0043295500656855,1.07081058033967,278.489922218259,20.83374228619,2.89692158933972,MoNb,0.6,0.4,0,0,0,3,0,19
0.6_0_0.4_0_0_1,20,3.08916562639366,-2.30860316531961,11.4282013256054,6.41304882676128,-0.284318179020508,-0.0358340564715446,0.0307758207883444,-0.0120139897257335,1.13160394753767,241.513499529444,21.8217743408993,3.38155411525853,MoTa,0.6,0,0.4,0,0,1,0,20
0.6_0_0.4_0_0_2,20,3.09090021942067,-2.3086031653196,11.4319328792366,6.41669130040055,-0.28242730652679,-0.0339754846497668,0.0321779917532219,-0.0120430151411647,1.13197014410458,241.511519639262,21.8447140491337,3.39797494756231,MoTa,0.6,0,0.4,0,0,2,0,20
0.6_0_0.4_0_0_3,20,3.08988381675162,-2.30860316531961,11.4289083319939,6.41584989891893,-0.281068587619949,-0.0322856780167253,0.0314712693342498,-0.0115443687763172,1.13167466705039,241.794707668099,21.8471227772947,3.37656937894095,MoTa,0.6,0,0.4,0,0,3,0,20
0.6_0_0_0.4_0_1,21,3.18564952350511,-2.15244243456433,13.2846879239658,6.94797136594459,-0.604202624929263,0.0156519948236895,0.0648064510134207,-0.00768475803707582,1.5388404267136,253.982681105007,24.1445423618369,2.20255342577278,MoV,0.6,0,0,0.4,0,1,0,21
0.6_0_0_0.4_0_2,21,3.13584781571874,-2.2182439445603,12.5793349788003,6.62392283798132,-0.555325140359656,-0.0144707589215255,0.0524945327153853,-0.00386467026405259,1.36404394460967,254.067781839472,22.8842279144394,2.14841183481119,MoV,0.6,0,0,0.4,0,2,0,21
0.6_0_0_0.4_0_3,21,3.15192334732413,-2.20002850466895,12.780150507841,6.70661756593748,-0.567945793814404,-0.00184683965780356,0.0596711866188196,-0.00257307207471601,1.41137680089883,254.15377597629,23.2579258460349,2.11529345261158,MoV,0.6,0,0,0.4,0,3,0,21
0.6_0_0_0_0.4_1,22,3.46027698471156,-2.2730262907525,17.5999891304519,9.10668179930148,-0.826314347090229,0.0434739469575303,0.0778726449680612,-0.00519934210476458,1.80642063446502,385.932332880813,31.8064843439592,1.6601619527199,MoW,0.6,0,0,0,0.4,1,0,22
0.6_0_0_0_0.4_2,22,3.47946061639283,-2.24809690770998,17.9601389122914,9.27223949444261,-0.845551364158776,0.0651472664469122,0.08682122127118,-0.00419910122698438,1.89007470038225,386.017261688789,32.4960299552144,1.67779724228778,MoW,0.6,0,0,0,0.4,2,0,22
0.6_0_0_0_0.4_3,22,3.48876317562374,-2.23867176725039,18.1037698615415,9.34004795125786,-0.853882234509845,0.0670373497932641,0.0841942848404191,-0.00646123439715325,1.92329916851494,386.026666172027,32.7289540184148,1.69967833793257,MoW,0.6,0,0,0,0.4,3,0,22
0.7_0.3_0_0_0_1,13,3.11543795892137,-2.35177533718481,12.4717580365802,6.43481969350514,-0.595378464391449,-0.00281935184541848,0.0427261611859113,-0.00776140350134993,1.18282253620509,292.20690514763,22.3472306562544,3.32593860818937,MoNb,0.7,0.3,0,0,0,1,100,13
0.7_0.3_0_0_0_2,13,3.12626224962086,-2.33717653776366,12.6126988204886,6.49640993832262,-0.609798064887179,0.0017442482861718,0.0446795132811512,-0.0065950296924441,1.21385128114287,292.292466305896,22.5840782023519,3.28023802614676,MoNb,0.7,0.3,0,0,0,2,100,13
0.7_0.3_0_0_0_3,13,3.13350278729141,-2.32687778556309,12.7209991611323,6.54718493765188,-0.61870829215523,0.00198023742825945,0.0465252808623189,-0.00641621029948172,1.23699701053806,291.801766791938,22.7671102696453,3.32430920551406,MoNb,0.7,0.3,0,0,0,3,100,13
0.7_0_0.3_0_0_1,14,3.18171036063034,-2.29461692334487,12.8996791993563,7.01133514075191,-0.435182276486503,-0.0323165064787074,0.0363702112108313,-0.0093584294462668,1.2954776760329,274.473626416808,24.0260690235356,3.77046522504644,MoTa,0.7,0,0.3,0,0,1,100,14
0.7_0_0.3_0_0_2,14,3.16501515744586,-2.32278780031157,12.5908456517403,6.85797812644415,-0.413404880584613,-0.0343179779003497,0.0363523718159213,-0.00637143931494796,1.22919716172339,274.632116450846,23.5038294665703,3.72056169474152,MoTa,0.7,0,0.3,0,0,2,100,14
0.7_0_0.3_0_0_3,14,3.14574462422411,-2.34549259400532,12.3475567015599,6.74229754707397,-0.394692832043477,-0.0375347664827018,0.035167737748245,-0.00488759591006474,1.1782721736246,274.591191517604,23.094367390783,3.73348093484371,MoTa,0.7,0,0.3,0,0,3,100,14
0.7_0_0_0.3_0_1,15,3.2353123106525,-2.18569134152254,13.9436989168325,7.31182695528833,-0.622618744865775,0.0197022139465945,0.0615646946714968,-0.00805263306492624,1.56218528705514,277.054653438727,25.3895980394454,0.341181612106175,MoV,0.7,0,0,0.3,0,1,100,15
0.7_0_0_0.3_0_2,15,3.22930335369031,-2.19283422903493,13.8580844761969,7.26815202946767,-0.621587252891862,0.0123356933693878,0.0575872404888733,-0.00782373953973479,1.54151367219618,277.158029943103,25.2007660744932,0.375680443148187,MoV,0.7,0,0,0.3,0,2,100,15
0.7_0_0_0.3_0_3,15,3.23212477547829,-2.18747228589354,13.9204380308336,7.30063913922272,-0.622600878588532,0.0163645637201185,0.0584437951812108,-0.00981730620256018,1.55679976227385,277.02146775672,25.3237851508356,0.399941780322879,MoV,0.7,0,0,0.3,0,3,100,15
0.7_0_0_0_0.3_1,16,3.48293518951164,-2.22747762050724,17.9944520756362,9.26105813782909,-0.873935094668273,0.0787577575392677,0.0875953072754397,-0.00671481084515807,1.93329303020902,382.566138288498,32.4789151664139,2.16339475923957,MoW,0.7,0,0,0,0.3,1,100,16
0.7_0_0_0_0.3_2,16,3.489332161091,-2.22192718997659,18.0748640492326,9.29949822703798,-0.874518371947563,0.0885901581708668,0.0928835520712788,-0.00615964627174375,1.95276856578959,382.48950659567,32.6671187423628,2.16355495568556,MoW,0.7,0,0,0,0.3,2,100,16
0.7_0_0_0_0.3_3,16,3.47359733677148,-2.23679735245603,17.8571083489871,9.19744604366797,-0.866923226112793,0.0725441719109108,0.0871254779061544,-0.0061495671360601,1.90067965747801,382.443042430798,32.2311737241322,2.15794041864771,MoW,0.7,0,0,0,0.3,3,100,16
0.814335266097612_0.0589115655753951_0.118164052719972_0.00598667383669466_0.00260244177032586_1,8,3.3151921847437,-2.26144314966287,15.1717405947994,7.92775511080797,-0.739330839271622,0.00495442643225219,0.0699371491044625,-0.0248496628723047,1.57540145714843,326.14398814989,27.3530117468667,4.3814455480241,MoNbTaVW,0.814335266097612,0.0589115655753951,0.118164052719972,0.00598667383669466,0.00260244177032586,1,13,8
0.814335266097612_0.0589115655753951_0.118164052719972_0.00598667383669466_0.00260244177032586_2,8,3.2743606415696,-2.31871447492393,14.480823476491,7.62722721311188,-0.674147696006106,-0.0145098707377573,0.0675386993247485,-0.0172159733031412,1.41964025510936,326.105506305764,26.2521025758245,4.29098806244158,MoNbTaVW,0.814335266097612,0.0589115655753951,0.118164052719972,0.00598667383669466,0.00260244177032586,2,13,8
0.814335266097612_0.0589115655753951_0.118164052719972_0.00598667383669466_0.00260244177032586_3,8,3.30769853705902,-2.27496992596107,15.0099005060573,7.86045966874802,-0.720751934398154,0.00273365595553266,0.0720200077041764,-0.0207509168729379,1.5375696125081,326.171254486913,27.1286970116843,4.42831441376317,MoNbTaVW,0.814335266097612,0.0589115655753951,0.118164052719972,0.00598667383669466,0.00260244177032586,3,13,8
0.892361367698419_0.0543762491805898_0.050432339005261_0.000514273781817776_0.00231577033391291_1,7,3.38233094551266,-2.2424311701743,16.4500937580888,8.27008954965619,-0.832239929003087,0.0717108766618267,0.0734380601796361,-0.00834216574922052,1.741073195625,352.951350850804,29.2518228394907,3.37803102929932,MoNbTaVW,0.892361367698419,0.0543762491805898,0.050432339005261,0.000514273781817776,0.00231577033391291,1,11,7
0.892361367698419_0.0543762491805898_0.050432339005261_0.000514273781817776_0.00231577033391291_2,7,3.38454712880206,-2.22933463125445,16.6262558729412,8.34475002257622,-0.844958837582001,0.0788348589113327,0.0726265021218376,-0.0124155743604503,1.78300019955117,353.009184171279,29.5325857547117,3.4086809067124,MoNbTaVW,0.892361367698419,0.0543762491805898,0.050432339005261,0.000514273781817776,0.00231577033391291,2,11,7
0.892361367698419_0.0543762491805898_0.050432339005261_0.000514273781817776_0.00231577033391291_3,7,3.37955153049636,-2.23867176725039,16.4924378264965,8.28932992395244,-0.839851421573949,0.0701638342053902,0.0698411285441934,-0.0130200290390973,1.7521611701981,352.946439302898,29.2816597173358,3.3966422443223,MoNbTaVW,0.892361367698419,0.0543762491805898,0.050432339005261,0.000514273781817776,0.00231577033391291,3,11,7
0.8_0.2_0_0_0_1,9,3.22787386551025,-2.33304430047875,13.9918193038345,7.2670130617073,-0.683525012654427,0.00513064268391655,0.0530555793929796,-0.00151701714801004,1.35216370636106,326.182241950639,25.1783909474783,1.1836959443454,MoNb,0.8,0.2,0,0,0,1,0,9
0.8_0.2_0_0_0_2,9,3.25849368216557,-2.29263476214088,14.4464364609764,7.46498608738707,-0.722450705921828,0.0223883115162089,0.0575974254791472,-0.00595306744119716,1.45388568434969,326.090001865462,25.9339271141365,1.17902822016918,MoNb,0.8,0.2,0,0,0,2,0,9
0.8_0.2_0_0_0_3,9,3.22069965143266,-2.34340708751429,13.8706040662577,7.21478138834156,-0.670913150072286,0.00202716421042281,0.0505775265838721,-0.00182152763597858,1.32657530615159,326.136324775604,24.9784401469837,1.23038151405792,MoNb,0.8,0.2,0,0,0,3,0,9
0.8_0_0.2_0_0_1,10,3.25104031495746,-2.3086031653196,14.0639585352206,7.40266531153605,-0.567503980091611,-0.00984756437726581,0.0421234525230332,-0.00504054037279922,1.3928068024138,309.611332692982,25.6606455944981,1.87517187251149,MoTa,0.8,0,0.2,0,0,1,0,10
0.8_0_0.2_0_0_2,10,3.24572896619967,-2.31465767422831,13.9923319722507,7.37133741272485,-0.561499903936654,-0.0139992704259383,0.0402389383728494,-0.00418993145259844,1.37731710354863,309.420983442454,25.5345053276203,1.84300556411144,MoTa,0.8,0,0.2,0,0,2,0,10
0.8_0_0.2_0_0_3,10,3.25062416551696,-2.30860316531961,14.0669931583564,7.40315811323084,-0.567322151644774,-0.0113357554657806,0.0425722034054438,-0.00342175995244856,1.39310680987655,309.394285239392,25.6674311451978,1.90471930591946,MoTa,0.8,0,0.2,0,0,3,0,10
0.8_0_0_0.2_0_1,11,3.3134526240106,-2.17683388768849,15.1878716453092,7.89260681888699,-0.709354493944431,0.0428553457013674,0.0602778041845587,-0.015955912252676,1.71680019121671,303.871749133562,27.4759844938359,0.50888770137197,MoV,0.8,0,0,0.2,0,1,0,11
0.8_0_0_0.2_0_2,11,3.31772133975263,-2.17155683058764,15.2514305696351,7.92078960510224,-0.712507137818108,0.0482789038063338,0.0627873237996841,-0.0164036352675116,1.73313329909068,303.782455388456,27.6013150176891,0.527291912745255,MoV,0.8,0,0,0.2,0,2,0,11
0.8_0_0_0.2_0_3,11,3.3159794588553,-2.17507177269509,15.2113216669374,7.90718179634787,-0.704749778311981,0.05008418947962,0.0656881577542463,-0.0135235041188282,1.72248162643071,303.81676664288,27.5768780021513,0.499234603443935,MoV,0.8,0,0,0.2,0,3,0,11
0.8_0_0_0_0.2_1,12,3.48322402358826,-2.20545838226332,18.0127857903945,9.24354329917113,-0.894602024158658,0.101644826226283,0.0924008067716274,-0.00978995367173897,1.97850209331184,378.366063273888,32.4859063289886,2.08766729490335,MoW,0.8,0,0,0,0.2,1,0,12
0.8_0_0_0_0.2_2,12,3.487975048433,-2.2018351898939,18.0626442343887,9.26664343356873,-0.89731944748612,0.104817847706817,0.09364661055988,-0.00970969050439409,1.99120245485139,378.304711538241,32.5818713389662,2.08268339741518,MoW,0.8,0,0,0,0.2,2,0,12
0.8_0_0_0_0.2_3,12,3.47691324279645,-2.21457421567134,17.8780736171356,9.18273120233947,-0.888656192648791,0.0938860448319156,0.0909050552455525,-0.00819301071925893,1.94582855101955,378.44390187053,32.2395445704635,2.10122076820032,MoW,0.8,0,0,0,0.2,3,0,12
0.918226197538887_0.038983258285797_0.0044496918884794_0.0239469427371686_0.0143939095496682_1,2,3.41187290766771,-2.20545838226332,16.8757258691141,8.63280354245359,-0.879821630035631,0.0948858456807972,0.0825238040811259,-0.0108989778450633,1.85363969949667,358.279346695795,30.2780049251115,0.981010683037215,MoNbTaVW,0.918226197538887,0.038983258285797,0.0044496918884794,0.0239469427371686,0.0143939095496682,1,9,2
0.918226197538887_0.038983258285797_0.0044496918884794_0.0239469427371686_0.0143939095496682_2,2,3.3893744622591,-2.23119509690737,16.5353026452015,8.48164677464661,-0.859953235321604,0.0728397707908739,0.0761625968326195,-0.00845978002935346,1.769952119691,358.351520657129,29.6517309899623,0.963181504872141,MoNbTaVW,0.918226197538887,0.038983258285797,0.0044496918884794,0.0239469427371686,0.0143939095496682,2,9,2
0.918226197538887_0.038983258285797_0.0044496918884794_0.0239469427371686_0.0143939095496682_3,2,3.4085939624971,-2.21091790446822,16.8043565351253,8.59895044696952,-0.878210257449142,0.0884907761979906,0.0808916494800694,-0.0101816782684432,1.8357212018583,358.304322319372,30.1325105110419,0.962249777378661,MoNbTaVW,0.918226197538887,0.038983258285797,0.0044496918884794,0.0239469427371686,0.0143939095496682,3,9,2
0.9_0.1_0_0_0_1,3,3.3350848846511,-2.23679735245604,15.7016915406224,8.11129433326148,-0.824727658286541,0.0452129314670821,0.0622032946075874,-0.0206340201523155,1.67132069125724,341.303577766082,28.1067669648618,2.58930778681205,MoNb,0.9,0.1,0,0,0,1,100,3
0.9_0.1_0_0_0_2,3,3.33530611747013,-2.23679735245605,15.7043609225693,8.10903572879089,-0.824568320718582,0.0482542195876758,0.0661817474322242,-0.0160927828117738,1.6715995331386,341.481125610795,28.1394763503478,2.59884203657495,MoNb,0.9,0.1,0,0,0,2,100,3
0.9_0.1_0_0_0_3,3,3.33345871753831,-2.24620475955794,15.5887258301259,8.06134912186763,-0.812636938741088,0.0446666387763748,0.0665884089966364,-0.0127827962650176,1.64369549914793,341.587676177869,27.9698250790769,2.56951752552722,MoNb,0.9,0.1,0,0,0,3,100,3
0.9_0_0.1_0_0_1,4,3.33762030685567,-2.26336437984076,15.6237334511503,8.10226063063075,-0.746026992949628,0.0157167887414001,0.0589625641122517,-0.0125038092366004,1.61922877426143,338.357230757843,28.125990191653,3.00922465713815,MoTa,0.9,0,0.1,0,0,1,100,4
0.9_0_0.1_0_0_2,4,3.3435027936053,-2.26336437984076,15.6252111896549,8.10632017627039,-0.740263715968842,0.0204332414627498,0.0620309100745388,-0.00938669163437629,1.61937256019384,338.445992243419,28.1780067798265,2.99402039315284,MoTa,0.9,0,0.1,0,0,2,100,4
0.9_0_0.1_0_0_3,4,3.3297663794444,-2.27691734624547,15.4526246609522,8.02998055079845,-0.728017013622159,0.014165611346876,0.0616457344138818,-0.00708689476783608,1.57984795359403,338.419408227336,27.8900902955244,2.99667553005763,MoTa,0.9,0,0.1,0,0,3,100,4
0.9_0_0_0.1_0_1,5,3.38408516908668,-2.18391356327655,16.2618442931941,8.42770136113097,-0.798087461706616,0.0753750326114731,0.0729680586260465,-0.0176784405098613,1.82520481477102,334.047715568347,29.3924377005591,2.04511076540634,MoV,0.9,0,0,0.1,0,1,100,5
0.9_0_0_0.1_0_2,5,3.36663998535865,-2.20909474990671,15.9391893638695,8.28214445894059,-0.77303353793345,0.0661470996782911,0.0777815750739782,-0.00751150953428953,1.74434436286001,334.259605086647,28.8948722903764,2.01543931448292,MoV,0.9,0,0,0.1,0,2,100,5
0.9_0_0_0.1_0_3,5,3.38235816124444,-2.18391356327655,16.2644886673825,8.43029580438438,-0.795318255007158,0.0775810325053025,0.0752791330538035,-0.0155813291857379,1.82549620384349,334.050866578573,29.4246769434966,2.04638067300672,MoV,0.9,0,0,0.1,0,3,100,5
0.9_0_0_0_0.1_1,6,3.49875642359659,-2.16456379509667,18.2651064698804,9.33747321578272,-0.92093574881327,0.146062458243873,0.102120024203969,-0.0124750305594772,2.09023353502071,373.781585711384,32.9788770125294,1.48918181331197,MoW,0.9,0,0,0,0.1,1,100,6
0.9_0_0_0_0.1_2,6,3.49633492469816,-2.16805420003644,18.2143086808035,9.31374829820298,-0.919182669647555,0.142012510724954,0.100942842529184,-0.012058737591018,2.07713636707129,373.799702768967,32.8782384823816,1.48360704208804,MoW,0.9,0,0,0,0.1,2,100,6
0.9_0_0_0_0.1_3,6,3.49658391260529,-2.16456379509668,18.2640876953835,9.33640594362962,-0.921400397317329,0.145672188245233,0.102196484076228,-0.0122336103193908,2.09011733721917,373.746447900945,32.974957710325,1.48230841205059,MoW,0.9,0,0,0,0.1,3,100,6
0_0.1_0.9_0_0_1,97,3.43129852557258,-1.73840829373106,11.7337871889087,7.90888089301512,1.68681627981268,0.70957106889597,-0.00602324280699466,-0.0169889683100688,2.05661042023278,133.111468774601,30.9270141774218,1.40981415809232,NbTa,0,0.1,0.9,0,0,1,100,97
0_0.1_0.9_0_0_2,97,3.44735612668273,-1.7327361287786,11.8416466662695,8.00955695543315,1.72984571532337,0.720046889351696,-0.00861405919206095,-0.0175798021435891,2.08733494256432,133.257054114362,31.3227224859655,1.4041829943979,NbTa,0,0.1,0.9,0,0,2,100,97
0_0.1_0.9_0_0_3,97,3.39716243804094,-1.75446368448436,11.4334087728472,7.63663478411933,1.57391992337855,0.67904835954569,-0.00518229484225092,-0.016582888443409,1.97201023683826,133.17896210144,29.8283184876358,1.41728925575949,NbTa,0,0.1,0.9,0,0,3,100,97
0_0.1_0_0.9_0_1,98,2.43498753389714,-2.55618785179296,6.38848824149587,3.37254311859444,-0.310491637612555,-0.058912714339688,0.0143396803073478,0.00115799735946286,0.49345800624856,177.997690676446,11.4095195570461,0.383245074566026,NbV,0,0.1,0,0.9,0,1,100,98
0_0.1_0_0.9_0_2,98,2.40625277242155,-2.60911025324731,6.12975652659039,3.2678558460941,-0.268285949920543,-0.0549504478225407,0.0130061371741085,0.00195845078010213,0.448928935200265,178.086494653073,11.0711594294887,0.377758024949385,NbV,0,0.1,0,0.9,0,2,100,98
0_0.1_0_0.9_0_3,98,2.42573930452103,-2.57439381628954,6.29833963365582,3.33702221246779,-0.295585847137846,-0.0579527831018684,0.0139599892958033,0.000901827626265978,0.477668226650548,178.008625827283,11.2912584821768,0.379410877095847,NbV,0,0.1,0,0.9,0,3,100,98
0_0.1_0_0_0.9_1,99,3.45328883365659,-2.28082360121253,17.2112498148489,9.08797664330649,-0.721449257826271,0.0408648232198047,0.0665738789120108,-0.0125620972638014,1.75267435905849,378.175686191817,31.5544881455668,1.77245262416722,NbW,0,0.1,0,0,0.9,1,100,99
0_0.1_0_0_0.9_2,99,3.45566656172663,-2.28082360121254,17.2106532813422,9.0898002904242,-0.720836664748898,0.0396551649374036,0.0664182941610224,-0.0106293466012973,1.75261269513954,378.163111647108,31.5608563392385,1.78206870268872,NbW,0,0.1,0,0,0.9,2,100,99
0_0.1_0_0_0.9_3,99,3.45809001217876,-2.27496992596107,17.2956450813231,9.12988461165505,-0.725426785040465,0.0440804469580011,0.066126632541451,-0.0147021107475506,1.77164725386897,378.223044602599,31.7030234873309,1.79564024377128,NbW,0,0.1,0,0,0.9,3,100,99
0_0.25_0.25_0.25_0.25_1,93,2.82076073706093,-2.33304430047875,8.53105622831214,4.77138343429091,-0.0449951554547683,-0.01937363930334,0.00524933516794815,-0.0021329636473865,0.824161160831895,170.877508173385,16.6203506997035,3.11558888361455,Nb_Ta_V_W,0,0.25,0.25,0.25,0.25,1,0,93
0_0.2_0.8_0_0_1,94,3.25623850003726,-1.80545279636006,10.5916018697084,6.64267651641536,1.03645299380364,0.56846071604479,0.0137275005648075,-0.0161210282962448,1.73608582051681,138.167987361848,25.8405140718149,1.83443734256131,NbTa,0,0.2,0.8,0,0,1,0,94
0_0.2_0.8_0_0_2,94,3.28513039380424,-1.79215954924939,10.8038804485713,6.82313704123096,1.11021127904796,0.592331071257568,0.01390039487044,-0.0169279255904762,1.7946025549319,138.095238349245,26.5893931014313,1.87116095986895,NbTa,0,0.2,0.8,0,0,2,0,94
0_0.2_0.8_0_0_3,94,3.30210755384006,-1.78379129957888,10.94016962687,6.94407723327037,1.16188103698555,0.609269206401011,0.0133476815020587,-0.0194368321773572,1.83252504962234,137.797263245775,27.0844652375929,1.86805624544669,NbTa,0,0.2,0.8,0,0,3,0,94
0_0.2_0_0.8_0_1,95,2.34418913766817,-2.67364877438487,5.549985516641,3.06768640767547,-0.13910610864563,-0.052673336955764,0.00373779450787634,0.00217378344692167,0.380857858962524,163.411931111872,10.4095339766879,0.256745925869745,NbV,0,0.2,0,0.8,0,1,0,95
0_0.2_0_0.8_0_2,95,2.32624414711135,-2.69711026106387,5.43040666132246,3.00993675222206,-0.126605365158934,-0.0506951215317737,0.00278909702180396,0.00184812861679793,0.363956237984901,163.158862553575,10.2188437991992,0.255379547073873,NbV,0,0.2,0,0.8,0,2,0,95
0_0.2_0_0.8_0_3,95,2.32397143653929,-2.70306265959117,5.40516622999457,2.99602602575305,-0.124105092345651,-0.0503628821436615,0.00297834816441039,0.00110914501530791,0.360090466145501,163.249202583237,10.1741574377639,0.271358921959755,NbV,0,0.2,0,0.8,0,3,0,95
0_0.2_0_0_0.8_1,96,3.34630075612844,-2.30058709033137,15.5104678997142,8.19973073283053,-0.667020988066668,0.0138153278164064,0.0546290550034508,-0.00963010823227853,1.54847738854425,346.881351505668,28.3454751707851,1.4810303580226,NbW,0,0.2,0,0,0.8,1,0,96
0_0.2_0_0_0.8_2,96,3.35228817626581,-2.29263476214088,15.6125416323946,8.24500943845652,-0.676195022637739,0.0146924890482319,0.0526228662982373,-0.0123850793843312,1.57116527345432,346.924568092812,28.4936256641074,1.50923530384325,NbW,0,0.2,0,0,0.8,2,0,96
0_0.2_0_0_0.8_3,96,3.35417164898938,-2.28671174383776,15.6862010791878,8.27441185536442,-0.68637976840831,0.0148538895422958,0.0508892892034276,-0.0156646528679357,1.58799871658468,346.996404306843,28.5809373778929,1.49673780375092,NbW,0,0.2,0,0,0.8,3,0,96
0_0.333333333333333_0.333333333333333_0.333333333333333_0_1,87,2.46196298965909,-2.37730863918998,5.69386428973566,3.35543330862469,0.0731048582887572,-0.00674503433749384,0.0025055706512846,4.17287285901316e-05,0.526054528514685,115.350712802546,11.6318914586128,1.68940036145768,Nb_Ta_V,0,0.333333333333333,0.333333333333333,0.333333333333333,0,1,0,87
0_0.333333333333333_0.333333333333333_0_0.333333333333333_1,88,2.99962639411508,-2.19462795148895,10.6690063419854,5.66685549479873,-0.312697564244743,0.0749459638295538,0.0357421340882462,-0.00799029888734982,1.18450880967096,212.013380818293,20.0297015316454,1.83506238042612,Nb_Ta_W,0,0.333333333333333,0.333333333333333,0,0.333333333333333,1,0,88
0_0.333333333333333_0_0.333333333333333_0.333333333333333_1,89,2.82672584804036,-2.40794560865187,8.73365816039108,4.93976800820769,-0.167357336474047,-0.051206099751002,0.0134185262170561,-0.000142023940738565,0.782670341939839,198.240382562445,16.7884754035988,1.37520633818271,Nb_V_W,0,0.333333333333333,0,0.333333333333333,0.333333333333333,1,0,89
0_0.3_0.7_0_0_1,90,3.12627675088234,-1.85533845087093,9.96082856215228,5.88038291395209,0.611615459291325,0.475206842156237,0.0303313899976307,-0.0133043760730379,1.55331399562747,143.544455217641,22.7613154524185,1.835788447903,NbTa,0,0.3,0.7,0,0,1,100,90
0_0.3_0.7_0_0_2,90,3.17318909103762,-1.83258146374831,10.2621811475063,6.12707261557421,0.708513240108884,0.51023824806265,0.0299069039513105,-0.014657337656347,1.63718312436576,143.515218660826,23.7909294792043,1.85722246641491,NbTa,0,0.3,0.7,0,0,2,100,90
0_0.3_0.7_0_0_3,90,3.13591059638676,-1.85023639898703,10.0285919039366,5.93465678550329,0.633592349929291,0.483458119260752,0.0304525924148538,-0.0136160168756011,1.57188846853406,143.513709355107,22.9927570066491,1.84360841421147,NbTa,0,0.3,0.7,0,0,3,100,90
0_0.3_0_0.7_0_1,91,2.24654047841981,-2.74575206828622,4.8255389113343,2.77396709533588,-0.046334046683955,-0.0377822816904909,0.0026089060560712,0.00109349733332767,0.307912301288446,149.616452637206,9.41296611611875,0.985026664368567,NbV,0,0.3,0,0.7,0,1,100,91
0_0.3_0_0.7_0_2,91,2.33597204671004,-2.63108915996609,5.38055983567473,3.06034457376076,-0.0902124730944256,-0.0524508937554091,0.00204846624670437,0.000693017560962043,0.385330495086267,149.81212893308,10.3271559284134,1.00765973418337,NbV,0,0.3,0,0.7,0,2,100,91
0_0.3_0_0.7_0_3,91,2.2970529532041,-2.69119308403578,5.08682099553293,2.90996470108592,-0.0652772113153954,-0.0449910681723029,0.0017609435742488,0.000306223417511344,0.342912664480442,149.7874344917,9.84495382181844,1.04848043327274,NbV,0,0.3,0,0.7,0,3,100,91
0_0.3_0_0_0.7_1,92,3.26401530142625,-2.29065652212877,14.300734468262,7.53450657965352,-0.638887764850993,0.0146704275013434,0.0543266049932322,-0.00757823239417028,1.44202111070405,318.043128627664,26.0584398828942,1.35077725551893,NbW,0,0.3,0,0,0.7,1,100,92
0_0.3_0_0_0.7_2,92,3.24756621961753,-2.30860316531961,14.0852531712121,7.4372953827155,-0.623007438158007,0.00787579903632343,0.051679995058897,-0.00793630795224012,1.39493603889658,317.989175392575,25.6833245589043,1.34785284914494,NbW,0,0.3,0,0,0.7,2,100,92
0_0.3_0_0_0.7_3,92,3.2363913480748,-2.32278780031157,13.9248973419085,7.36136153653024,-0.611173108729234,0.0016729968023535,0.0488773558901709,-0.00682148736495901,1.35955890577849,318.072450770929,25.3969446291497,1.32539205349479,NbW,0,0.3,0,0,0.7,3,100,92
0_0.4_0.6_0_0_1,84,3.11610809109348,-1.84642687057036,10.1401087286394,5.81432097771404,0.468180615694287,0.476715592644142,0.0417182962047261,-0.015435317604717,1.59559318919891,149.145449743423,22.5390983987668,1.31158852908586,NbTa,0,0.4,0.6,0,0,1,0,84
0_0.4_0.6_0_0_2,84,3.09234238134345,-1.86175284104859,9.95332582713355,5.66737864499583,0.413228261788887,0.455420979711391,0.0436606415581165,-0.0126412929240899,1.5423520392675,149.282912129783,21.9348164395917,1.31204738062181,NbTa,0,0.4,0.6,0,0,2,0,84
0_0.4_0.6_0_0_3,84,3.11452364859118,-1.84769510155836,10.1215088900479,5.80151564639437,0.462912125336486,0.474147017161002,0.0404905252173003,-0.0166809774016889,1.59064731411328,149.057843871011,22.4723575335975,1.31277531904994,NbTa,0,0.4,0.6,0,0,3,0,84
0_0.4_0_0.6_0_1,85,2.27013639715027,-2.66786841146938,4.92358694465176,2.84171557048056,-0.0363928458125426,-0.0397427771204431,0.00104132191134597,0.00148784023452636,0.339758514382879,139.607315222293,9.64316340390875,0.377116769240985,NbV,0,0.4,0,0.6,0,1,0,85
0_0.4_0_0.6_0_2,85,2.28861713126337,-2.64507540194083,5.02930138166307,2.899513415039,-0.0439941539103963,-0.0421222053299702,0.00135834598977834,0.00121113321539009,0.35511072736325,139.739298388105,9.8262246533386,0.362284323896238,NbV,0,0.4,0,0.6,0,2,0,85
0_0.4_0_0.6_0_3,85,2.29456921227821,-2.63666020501554,5.07555524500047,2.92400505799134,-0.0460632292472816,-0.0431533796546431,0.00144749495929699,0.0013908960341622,0.361423479418496,139.76302298603,9.90847224269058,0.377749996807749,NbV,0,0.4,0,0.6,0,3,0,85
0_0.4_0_0_0.6_1,86,3.16332244651992,-2.2966030213165,12.9898774845757,6.8166548873258,-0.605353125879771,0.00951246876238091,0.0471943111277631,-0.00951289105638125,1.30207144374859,291.863768802586,23.5431069992161,1.25171107465878,NbW,0,0.4,0,0,0.6,1,0,86
0_0.4_0_0_0.6_2,86,3.14490481609504,-2.32278780031157,12.7133586146903,6.69462903759558,-0.583043561865866,4.99446077475131e-05,0.0457392543851716,-0.00698759472299295,1.24129105902687,291.691435051594,23.0836950246565,1.28803057779779,NbW,0,0.4,0,0,0.6,2,0,86
0_0.4_0_0_0.6_3,86,3.14732314611871,-2.31668401737354,12.7788970232748,6.72125393922429,-0.588800962741683,0.00140508492748433,0.0459153772434294,-0.00525322295047768,1.25535968244781,291.797994321779,23.1920736319358,1.254620975335,NbW,0,0.4,0,0,0.6,3,0,86
0_0.5_0.5_0_0_1,81,3.02251294811121,-1.8851914140206,9.76181598796358,5.32634943540006,0.168323083201397,0.408377007324738,0.0526467516571221,-0.0137785608237113,1.47773370157563,154.791804819451,20.5097568222632,0.583759522591542,NbTa,0,0.5,0.5,0,0,1,100,81
0_0.5_0.5_0_0_2,81,2.97634639163476,-1.91189527046804,9.483399940188,5.12153274150108,0.0941681121713435,0.370360222993722,0.0513490601169864,-0.0112986598069002,1.39771540776215,154.884623875668,19.6169666918425,0.569057664992341,NbTa,0,0.5,0.5,0,0,2,100,81
0_0.5_0.5_0_0_3,81,3.01137413919848,-1.89312796361634,9.67837888150293,5.26391545758848,0.146053027115389,0.397597988670244,0.0527355204367286,-0.0127340277789148,1.45350703067191,154.853483655084,20.2442170431605,0.58346714434036,NbTa,0,0.5,0.5,0,0,3,100,81
0_0.5_0_0.5_0_1,82,2.25989074734371,-2.64507540194082,4.86041854522116,2.79703740695065,-0.0312974251526311,-0.0341120643744785,0.00165510618402735,0.000853128940637198,0.343177707104135,134.442943018137,9.52899365197659,0.396451815375146,NbV,0,0.5,0,0.5,0,1,100,82
0_0.5_0_0.5_0_2,82,2.28261365180673,-2.61455985801487,5.0074320233589,2.87787014213442,-0.0384647433695937,-0.0365577344180052,0.00267284547838163,0.00145978940752876,0.364578236332694,134.399741438067,9.79867227156578,0.411045266395837,NbV,0,0.5,0,0.5,0,2,100,82
0_0.5_0_0.5_0_3,82,2.28860511244457,-2.60639654737571,5.04420151207386,2.89694590408521,-0.0412936235550164,-0.0372500029145518,0.00252610270932854,0.00136813297429522,0.370284166115557,134.426215281395,9.85980226600046,0.390176915677602,NbV,0,0.5,0,0.5,0,3,100,82
0_0.5_0_0_0.5_1,83,3.01282617857782,-2.36659042296995,11.1889808229466,5.88717950484848,-0.523857267599803,-0.0108158997319886,0.0388489080508406,-0.00389083968625696,1.04547347695558,267.738873781021,20.2576096344241,1.2469845239008,NbW,0,0.5,0,0,0.5,1,100,83
0_0.5_0_0_0.5_2,83,3.04815557891359,-2.33510828469961,11.6441647795075,6.10598761810243,-0.557407990782988,-0.00237428148298763,0.0439009628749641,-0.00470177248791243,1.12294102531642,271.488283986409,21.0509036569756,1.17702720940006,NbW,0,0.5,0,0,0.5,2,100,83
0_0.5_0_0_0.5_3,83,3.05136576862943,-2.33510828469961,11.6743458818065,6.11986234733365,-0.558384676669311,-0.00373826869726687,0.0427377291861562,-0.00385082488737253,1.12585568306751,272.108777930656,21.0986435340893,1.16676647530003,NbW,0,0.5,0,0,0.5,3,100,83
0_0.6_0.4_0_0_1,78,2.92556652098124,-1.93102153656156,9.38419148924944,4.89064555230433,-0.0980233432245584,0.335748196203793,0.0604983522087126,-0.0131360063257086,1.35697630380631,160.218153537522,18.6226862390405,0.55084285293512,NbTa,0,0.6,0.4,0,0,1,0,78
0_0.6_0.4_0_0_2,78,2.92561784961277,-1.93102153656156,9.38375701604552,4.89032541847706,-0.0976731728190793,0.336895829891038,0.0622689077847133,-0.0123892418491832,1.35691114658685,160.146000671462,18.6330028940183,0.548483145204879,NbTa,0,0.6,0.4,0,0,2,0,78
0_0.6_0.4_0_0_3,78,2.9158181547734,-1.93655405413129,9.33240945636622,4.85592473763248,-0.109171967274377,0.328841689946783,0.0605450053274798,-0.0126400387253694,1.34203258452353,160.177594495724,18.4697360917491,0.545699414558176,NbTa,0,0.6,0.4,0,0,3,0,78
0_0.6_0_0.4_0_1,79,2.3070393130713,-2.5613558219514,5.15557535821538,2.94639989299572,-0.0669308560886514,-0.0350575154381491,0.00336526716118408,0.000966539879390944,0.396003593199463,134.075132853706,10.0077571965474,0.506139226058911,NbV,0,0.6,0,0.4,0,1,0,79
0_0.6_0_0.4_0_2,79,2.23214022427721,-2.65072513448294,4.7338451249433,2.72352541724618,-0.0426003222580141,-0.0295662668014996,0.00144552458910622,0.00055129263672353,0.332354740593208,134.028462852734,9.26094551135971,0.521064865658978,NbV,0,0.6,0,0.4,0,2,0,79
0_0.6_0_0.4_0_3,79,2.25075233105972,-2.62831523308336,4.83381843697018,2.77929219778813,-0.0478394263602807,-0.031011549199708,0.00189439915962977,0.000768032400804985,0.347110716849288,134.009965269716,9.44419645786816,0.573711353988112,NbV,0,0.6,0,0.4,0,3,0,79
0_0.6_0_0_0.4_1,80,2.93415686576008,-2.33924907736564,10.4316042318319,5.42396218620744,-0.534513286276073,-0.00166253040766246,0.041677976380068,-0.00524251552187707,1.00186342658884,246.060028746546,18.7061233634099,1.17391544348084,NbW,0,0.6,0,0,0.4,1,0,80
0_0.6_0_0_0.4_2,80,2.92027541411859,-2.35177533718482,10.3244358302151,5.37994439584523,-0.521759568881807,-0.00327597341890497,0.0405628016883202,-0.00517744291238316,0.979175716991428,246.063552893952,18.5436739636289,1.16428817332655,NbW,0,0.6,0,0,0.4,2,0,80
0_0.6_0_0_0.4_3,80,2.92639920652593,-2.34549259400532,10.3748138693042,5.39741275860561,-0.53184915559624,-0.004033268248041,0.0416855266001179,-0.00427994805475305,0.990184107472015,245.992087517376,18.6061478673225,1.20041299474386,NbW,0,0.6,0,0,0.4,3,0,80
0_0.7_0.3_0_0_1,75,2.8525772634398,-1.97040778065571,9.14262463611076,4.58935000238423,-0.30113317435563,0.279423029662134,0.0679508212409671,-0.0130447119632602,1.27101880566229,165.581747141364,17.2844580677515,0.521881675102935,NbTa,0,0.7,0.3,0,0,1,100,75
0_0.7_0.3_0_0_2,75,2.85208647372326,-1.97040778065571,9.14217336173344,4.58816970539187,-0.301877634344454,0.27836743971925,0.0660759650792936,-0.0139203624368978,1.27095895322601,165.663677716074,17.2693283861472,0.515865109900777,NbTa,0,0.7,0.3,0,0,2,100,75
0_0.7_0.3_0_0_3,75,2.86138880882643,-1.96183629960557,9.2111840247311,4.63013511657033,-0.290010584232155,0.289122750820421,0.0655047252737753,-0.0168443520030265,1.29159518974631,165.565840556741,17.4544303400253,0.539614052532941,NbTa,0,0.7,0.3,0,0,3,100,75
0_0.7_0_0.3_0_1,76,2.29368514459079,-2.56915820223559,5.19934983682417,2.90754111924849,-0.10462371297941,-0.0294018778140813,0.00517382679492081,0.00106768106217064,0.39628177810857,139.076415623798,9.92139127948026,0.30022523539937,NbV,0,0.7,0,0.3,0,1,100,76
0_0.7_0_0.3_0_2,76,2.34218460428933,-2.5133061243097,5.46341124592917,3.04470144988915,-0.124455298314583,-0.0323196620403672,0.00649521297887736,0.000992492755922441,0.440457747995696,139.015210244474,10.3753629661069,0.434923360474037,NbV,0,0.7,0,0.3,0,2,100,76
0_0.7_0_0.3_0_3,76,2.33518739822348,-2.51825662946955,5.4404137452408,3.03249825842175,-0.121914467880874,-0.0308120515553896,0.00686032921415925,0.000984823996424447,0.436425397748796,139.09951698684,10.341717348707,0.410812330553673,NbV,0,0.7,0,0.3,0,3,100,76
0_0.7_0_0_0.3_1,77,2.84250814050023,-2.32483070194136,9.6208336941996,4.93754600341897,-0.541566574947825,0.00469489051160681,0.044319242388191,-0.00476152403046039,0.937501995343285,226.748884111009,17.0666357640271,1.11761353206509,NbW,0,0.7,0,0,0.3,1,100,77
0_0.7_0_0_0.3_2,77,2.85092804427719,-2.31263542884755,9.70284459910783,4.97258214439597,-0.550225099008942,0.00960970476492048,0.0459758153355428,-0.00587785006641424,0.957138793715758,226.634596012492,17.2042398473031,1.19314761316861,NbW,0,0.7,0,0,0.3,2,100,77
0_0.7_0_0_0.3_3,77,2.85080274836041,-2.31263542884755,9.7055954646238,4.9728631933813,-0.551506423941892,0.00882870590567268,0.0456679802881692,-0.00631798822611808,0.957411721588904,226.667286164708,17.2003695011863,1.15419268924132,NbW,0,0.7,0,0,0.3,3,100,77
0_0.8_0.2_0_0_1,72,2.78666155734921,-2.01140913128801,8.94110026845107,4.34714231662444,-0.465868428249463,0.227668063809835,0.0715760406322414,-0.0159218994310536,1.19307978005428,170.782417281006,16.165154360343,2.3900846656255,NbTa,0,0.8,0.2,0,0,1,0,72
0_0.8_0.2_0_0_2,72,2.7800678182964,-2.01590352087585,8.90693157621486,4.32676765820699,-0.473010003917463,0.221956942062826,0.0714523627960113,-0.0168442773825694,1.18318428880103,170.594760217347,16.0617287137517,2.29658777986603,NbTa,0,0.8,0.2,0,0,2,0,72
0_0.8_0.2_0_0_3,72,2.77856538725721,-2.01590352087585,8.90875086195057,4.33295993211712,-0.469254507258658,0.221549844264042,0.0721865271312218,-0.0156127143906768,1.1834215569191,170.438500310749,16.0875447486369,2.39750381498371,NbTa,0,0.8,0.2,0,0,3,0,72
0_0.8_0_0.2_0_1,73,2.36942853687426,-2.50347803537343,5.77875273363855,3.08596964670535,-0.200341911342706,-0.0279525621086324,0.00918612897474186,0.000655190284107766,0.470568863639729,149.200607582624,10.6126923383843,0.930881622991524,NbV,0,0.8,0,0.2,0,1,0,73
0_0.8_0_0.2_0_2,73,2.38224019333908,-2.48410696961743,5.87181196346318,3.12727475491547,-0.210452226287826,-0.0270806334770653,0.0113673863291543,0.00145965690146065,0.487545282363615,149.11951418739,10.7659848067315,0.920734037210885,NbV,0,0.8,0,0.2,0,2,0,73
0_0.8_0_0.2_0_3,73,2.40937983098149,-2.44876760317213,6.04620502434747,3.21144614444323,-0.226688755842124,-0.0256931116884632,0.0135709019202635,0.00111602642478119,0.520170020083164,149.156376349965,11.0591692403241,0.938613335734748,NbV,0,0.8,0,0.2,0,3,0,73
0_0.8_0_0_0.2_1,74,2.73966570665166,-2.32278780031156,8.79013446803348,4.45241217136864,-0.545026097278366,0.00669449384511412,0.0450593208205138,-0.0045248931480767,0.858351592060942,209.75107292548,15.3995288104722,1.081204148662,NbW,0,0.8,0,0,0.2,1,0,74
0_0.8_0_0_0.2_2,74,2.74573822792601,-2.30860316531961,8.88272074200062,4.48955999603623,-0.554470836727986,0.011747755552141,0.0462072292848226,-0.00466462897754543,0.879830671558439,209.76828995658,15.5515562364963,1.09110565741901,NbW,0,0.8,0,0,0.2,2,0,74
0_0.8_0_0_0.2_3,74,2.7418731644955,-2.31668401737355,8.83270660885893,4.46680632790296,-0.551465568689317,0.00736588176613615,0.0454347290064163,-0.0038837388867774,0.867811611302581,209.773124320246,15.4576514106751,1.05694846896729,NbW,0,0.8,0,0,0.2,3,0,74
0_0.9_0.1_0_0_1,69,2.70804756521234,-2.07624665078332,8.60800118740655,4.10192089293477,-0.608317696721553,0.157379141616846,0.0754832208847948,-0.0119033619413069,1.07645501897436,176.600975623806,14.9329458789528,1.50652524275675,NbTa,0,0.9,0.1,0,0,1,100,69
0_0.9_0.1_0_0_2,69,2.73602424241432,-2.04794287462046,8.79060210825522,4.18476404708518,-0.600652082043013,0.186625640969121,0.0795708077682084,-0.0144670719584671,1.13091466623637,176.666255007554,15.3559286549452,1.546795160954,NbTa,0,0.9,0.1,0,0,2,100,69
0_0.9_0.1_0_0_3,69,2.74184327330725,-2.04330249506396,8.82349468689178,4.19973253563735,-0.600150570426865,0.191134560562924,0.0813607520405572,-0.0141276602404746,1.14043624049719,176.628321391729,15.433879522639,1.53435004960771,NbTa,0,0.9,0.1,0,0,3,100,69
0_0.9_0_0.1_0_1,70,2.47900713643595,-2.36446049671213,6.71880929663607,3.4641651795494,-0.38603482166906,-0.0163449044864907,0.0262341417920879,-0.000606069931663061,0.629193702037137,163.69860269104,11.8725383793744,0.780029243237438,NbV,0,0.9,0,0.1,0,1,100,70
0_0.9_0_0.1_0_2,70,2.46807726455513,-2.37730863918999,6.65064234647173,3.43966342394488,-0.377934264595664,-0.0184639946450813,0.0256840323246823,-0.00149264461270418,0.614825836119954,163.653823058572,11.769985304271,0.773557778226866,NbV,0,0.9,0,0.1,0,2,100,70
0_0.9_0_0.1_0_3,70,2.44711616832455,-2.40794560865188,6.49719980655682,3.37704427018474,-0.356648790144824,-0.0226458461274078,0.0227070630211779,-0.00132689538601554,0.58244054109861,163.616128745682,11.5362195966169,0.795715098337336,NbV,0,0.9,0,0.1,0,3,100,70
0_0.9_0_0_0.1_1,71,2.66572410914382,-2.27108642593467,8.35230554403472,4.12164671131478,-0.593434584601787,0.0258868925618491,0.0517037200453035,-0.00617294233205124,0.859086653477031,195.063247904708,14.3487341667122,0.904573050843151,NbW,0,0.9,0,0,0.1,1,100,71
0_0.9_0_0_0.1_2,71,2.64581216190087,-2.30258509299405,8.16448594478135,4.05479029731806,-0.569688507805433,0.0132743782968925,0.0479991126021884,-0.00448864003079251,0.81363540725055,195.041767353954,14.0594546797594,0.905080026907973,NbW,0,0.9,0,0,0.1,2,100,71
0_0.9_0_0_0.1_3,71,2.67727903454176,-2.25189197867853,8.46618704955516,4.16274317925817,-0.607587326327552,0.0332177514530884,0.0533587336584695,-0.00709998476992972,0.887736690017141,195.0208927562,14.5234256270629,0.908425597477746,NbW,0,0.9,0,0,0.1,3,100,71
0_0_0.1_0.9_0_1,118,2.43237015099087,-2.61455985801486,6.1460081048454,3.37473383827607,-0.227207585009799,-0.0664729487317466,0.0109185857725255,0.00334050815288706,0.447620376463382,176.703962572912,11.3305640015211,0.825744258354716,TaV,0,0,0.1,0.9,0,1,100,118
0_0_0.1_0.9_0_2,118,2.42991064556648,-2.6200393237795,6.11951050308685,3.36470964704425,-0.222375199574639,-0.0658392226606725,0.010318745619737,0.00333250604531804,0.443239783003036,176.759781739135,11.2972097023222,0.860685943797271,TaV,0,0,0.1,0.9,0,2,100,118
0_0_0.1_0.9_0_3,118,2.42796279317382,-2.6200393237795,6.11247583203096,3.35956417485334,-0.224566288746,-0.0662921099778134,0.0103438243755435,0.00233037854476049,0.442732514130977,176.819446692711,11.2723500704793,0.871452250994411,TaV,0,0,0.1,0.9,0,3,100,118
0_0_0.1_0_0.9_1,119,3.48232972113338,-2.26144314966287,17.5101844254593,9.34926198447495,-0.656193613324438,0.0428952572385885,0.0653169020671549,-0.0138920024968427,1.81806844474356,373.204155498929,32.4469154368258,1.63451776246901,TaW,0,0,0.1,0,0.9,1,100,119
0_0_0.1_0_0.9_2,119,3.47712520656791,-2.26721794915675,17.4227367944141,9.30645338822556,-0.654431286262537,0.0388996198675455,0.0651516303638153,-0.0116352956175757,1.79853570572272,373.331633766095,32.2854495895687,1.63798344282216,TaW,0,0,0.1,0,0.9,2,100,119
0_0_0.1_0_0.9_3,119,3.47742513396419,-2.26721794915675,17.4256550950939,9.30839066063843,-0.651200197040848,0.0422777552426955,0.067684087987632,-0.00992436561354769,1.7988310270455,373.343474541759,32.3202403222825,1.6372784562458,TaW,0,0,0.1,0,0.9,3,100,119
0_0_0.2_0.8_0_1,116,2.41693532871895,-2.63387080292796,5.77774624040199,3.31560610177455,-0.0682906295876446,-0.0734041337909867,5.97789324153745e-05,0.00269475325195687,0.412601150135219,155.884543121753,11.1590057020332,0.497323134511456,TaV,0,0,0.2,0.8,0,1,0,116
0_0_0.2_0.8_0_2,116,2.37948691343804,-2.68238245435364,5.51938295305707,3.18069061001944,-0.0456154087423631,-0.0636760677685302,-0.000350577117140668,0.00198433762532699,0.37536861682814,156.065340962553,10.7384904879751,0.477851347250016,TaV,0,0,0.2,0.8,0,2,0,116
0_0_0.2_0.8_0_3,116,2.40395617372751,-2.65072513448295,5.6898507418758,3.2693751464727,-0.0595714216309504,-0.0699328232897787,0.000198811128757264,0.0038231731528363,0.399489644716312,155.743542778794,11.0229503044446,0.494493341908849,TaV,0,0,0.2,0.8,0,3,0,116
0_0_0.2_0_0.8_1,117,3.38327427283771,-2.28278246569786,15.7141291370291,8.49052288045563,-0.517692844959513,0.010245293057936,0.0499237013741803,-0.00949037477874568,1.59696372876369,335.041191305128,29.3592426294303,2.38048328887256,TaW,0,0,0.2,0,0.8,1,0,117
0_0_0.2_0_0.8_2,117,3.39854428413658,-2.26528930825035,15.9535688737559,8.61211330739839,-0.525331919792619,0.0187418480019707,0.0513106722765421,-0.0110411785445776,1.65001227493687,335.05860595835,29.8135461633059,2.43479164200093,TaW,0,0,0.2,0,0.8,2,0,117
0_0_0.2_0_0.8_3,117,3.38405633876723,-2.28278246569787,15.7132453972438,8.49596265621709,-0.511349714330446,0.0142481770073082,0.0519476845093515,-0.00952149765450932,1.59686586645184,334.882830915581,29.397842398951,2.38367221516739,TaW,0,0,0.2,0,0.8,3,0,117
0_0_0.333333333333333_0.333333333333333_0.333333333333333_1,113,2.93819003141433,-2.32278780031157,9.37058125190468,5.50692897683799,0.045396677398071,-0.0603031332775706,-0.000813915829479934,0.00263171088670208,0.914541031008635,179.455095043343,18.8203987639737,0.965022332237632,Ta_V_W,0,0,0.333333333333333,0.333333333333333,0.333333333333333,1,0,113
0_0_0.3_0.7_0_1,114,2.41001812705459,-2.59026716544582,5.39828387149854,3.30686827191379,0.0754334489333908,-0.069309052372686,-0.00544957295424567,-0.000398792023382428,0.402654516229655,131.095080146338,11.0671313368335,1.3774784852141,TaV,0,0,0.3,0.7,0,1,100,114
0_0_0.3_0.7_0_2,114,2.37895089655185,-2.62554897959047,5.2057661468677,3.19365697382831,0.0832010404485139,-0.0614403037245323,-0.00493386224990316,6.37842060545543e-06,0.374750285974454,131.233646637118,10.7185703781809,1.28499869957963,TaV,0,0,0.3,0.7,0,2,100,114
0_0_0.3_0.7_0_3,114,2.36248208666613,-2.6422624605642,5.10624873506631,3.13986590028056,0.0871160289551789,-0.0593253258626955,-0.00527680424666384,-0.00124391359652201,0.361454428260834,131.104702211407,10.5351833080702,1.36739918112609,TaV,0,0,0.3,0.7,0,3,100,114
0_0_0.3_0_0.7_1,115,3.303738186397,-2.28278246569787,14.2834792965849,7.78127793969523,-0.383451953702437,0.0122198032579025,0.0403188916008516,-0.00762465154657867,1.45150682330779,298.997203055692,26.9848454443027,3.10131239911797,TaW,0,0,0.3,0,0.7,1,100,115
0_0_0.3_0_0.7_2,115,3.31608001900647,-2.26336437984076,14.5418548280366,7.91709036317034,-0.392557832889179,0.0114622970187814,0.0362594657143602,-0.00886301233842475,1.50685405678374,299.118887359242,27.4407773604784,3.14623628343145,TaW,0,0,0.3,0,0.7,2,100,115
0_0_0.3_0_0.7_3,115,3.30725339311189,-2.27691734624547,14.362488110156,7.82629911566266,-0.381985194979469,0.013103051961101,0.0383766904480906,-0.0073906324825034,1.46815215639213,299.112175544688,27.1424566243886,3.08169987246621,TaW,0,0,0.3,0,0.7,3,100,115
0_0_0.4_0.6_0_1,111,2.41883336680807,-2.53577898016175,5.22085347657304,3.28130494067664,0.181600554293279,-0.0502492986030511,-0.0130751439799563,-0.00116264356404335,0.411263625465989,113.228041415185,11.1056908351025,1.59589379366599,TaV,0,0,0.4,0.6,0,1,0,111
0_0_0.4_0.6_0_2,111,2.42249749926342,-2.52572864430826,5.2739306733163,3.31372406587679,0.180111229408764,-0.0514382103239475,-0.0123060321222137,0.000155476727204733,0.419665159426092,113.201139155628,11.2148357391405,1.52773315098512,TaV,0,0,0.4,0.6,0,2,0,111
0_0_0.4_0.6_0_3,111,2.39436017431729,-2.5613558219514,5.07050459449606,3.18681001163516,0.180595805457615,-0.0432698953735143,-0.0118013054728459,-0.000963924246120277,0.389274148109986,113.468212932218,10.8116963912228,1.4816208815924,TaV,0,0,0.4,0.6,0,3,0,111
0_0_0.4_0_0.6_1,112,3.24097931710843,-2.24809690770997,13.3211211306848,7.29593226304531,-0.266847375190293,0.0293392359845314,0.031295369885134,-0.00566334691744875,1.40159974458399,265.514071918658,25.4687566662019,2.79224384682548,TaW,0,0,0.4,0,0.6,1,0,112
0_0_0.4_0_0.6_2,112,3.24188990353814,-2.24809690770999,13.3202405770312,7.29783343160513,-0.267893346321663,0.0281629442788089,0.0306258498533764,-0.00652911887289981,1.40150856007018,265.516897800505,25.4611588789023,2.81181372618247,TaW,0,0,0.4,0,0.6,2,0,112
0_0_0.4_0_0.6_3,112,3.22362911147167,-2.26721794915675,13.0875108661095,7.16877481242437,-0.26665153190997,0.0222286807414834,0.0287260989121478,-0.0057418112102028,1.35085159134371,265.638190577473,24.9892744155713,2.78143183653369,TaW,0,0,0.4,0,0.6,3,0,112
0_0_0.5_0.5_0_1,109,2.47744228175246,-2.41463459680267,5.34034942437392,3.49068723182042,0.281699287404945,-0.0359435285826798,-0.0144001749008966,-0.00759145226311609,0.475059701651688,98.1012939456169,11.8234476004184,1.8324452953023,TaV,0,0,0.5,0.5,0,1,100,109
0_0_0.5_0.5_0_2,109,2.48806720106784,-2.40572585191356,5.39987417835703,3.5308301694469,0.282885507847781,-0.0391919977433271,-0.0149156635829115,-0.00700962846023684,0.484676626644241,98.0338797525176,11.9470292686189,1.88744861391214,TaV,0,0,0.5,0.5,0,2,100,109
0_0_0.5_0.5_0_3,109,2.47826046487281,-2.41239995900125,5.35112620675059,3.499456240538,0.281949022430875,-0.0365727296085196,-0.0136311319694106,-0.00717930825066284,0.477087808410564,97.9378048048561,11.8518231709628,1.81688809933632,TaV,0,0,0.5,0.5,0,3,100,109
0_0_0.5_0_0.5_1,110,3.18954103825865,-2.20364514513914,12.4321783274254,6.87167314084422,-0.145575314562451,0.0576689680076643,0.0246908517186397,-0.00425254189338584,1.36765866229545,234.700213222849,24.1764965435529,1.70807960222279,TaW,0,0,0.5,0,0.5,1,100,110
0_0_0.5_0_0.5_2,110,3.18907317236458,-2.20364514513914,12.4278412197038,6.87162892292356,-0.146058469816722,0.0581062734065068,0.0256241643313531,-0.00358568972001717,1.3671803278778,234.724215974788,24.1769387722945,1.67475949574606,TaW,0,0,0.5,0,0.5,2,100,110
0_0_0.5_0_0.5_3,110,3.18982054060515,-2.1982250776698,12.4900331109097,6.90614601295113,-0.146181359971517,0.0590614934030974,0.0243330519105935,-0.00670941911708802,1.38151765276705,234.576784625089,24.2876027715502,1.66722878138486,TaW,0,0,0.5,0,0.5,3,100,110
0_0_0.6_0.4_0_1,107,2.56907024993737,-2.29263476214087,5.71844587909633,3.79898816591996,0.37128456081131,-0.00692499405186526,-0.019142741212509,-0.00890257934450778,0.574965845678202,92.2148929647559,12.9919406243628,1.34957401483383,TaV,0,0,0.6,0.4,0,1,0,107
0_0_0.6_0.4_0_2,107,2.55056215002812,-2.30659311439158,5.61083138643653,3.72478133685749,0.363599036317621,-0.00329009537578601,-0.0170736197986492,-0.00894835042637294,0.556289126039068,92.1545964267266,12.7540946263236,1.29429253718389,TaV,0,0,0.6,0.4,0,2,0,107
0_0_0.6_0.4_0_3,107,2.57579215524381,-2.28671174383776,5.76480145294516,3.83106409398705,0.375416756625146,-0.00691925231773239,-0.019112911605345,-0.00841269405364153,0.583084240583267,92.3094577963926,13.1045826235014,1.37194559500916,TaV,0,0,0.6,0.4,0,3,0,107
0_0_0.6_0_0.4_1,108,3.1334794374849,-2.16108553072035,11.4735042213106,6.44621432474831,-0.0135878744866705,0.0942672798466652,0.0157261933682089,-0.00669027283884923,1.31716581251033,206.926588433303,22.8385796149168,2.08377159281876,TaW,0,0,0.6,0,0.4,1,0,108
0_0_0.6_0_0.4_2,108,3.12816686540361,-2.1663074747015,11.4199798335406,6.41317802646012,-0.0161346337417144,0.0934457245219805,0.0176656276835085,-0.0052123178003904,1.30416932775731,206.930609763272,22.7303051798027,2.09713301318131,TaW,0,0,0.6,0,0.4,2,0,108
0_0_0.6_0_0.4_3,108,3.12911787723293,-2.1663074747015,11.4152395972851,6.40834626152024,-0.0177415571425061,0.0936302058045331,0.0178468172510657,-0.00460344478636629,1.30362902582204,207.01600175049,22.7165872811959,2.1368736487351,TaW,0,0,0.6,0,0.4,3,0,108
0_0_0.7_0.3_0_1,105,2.69838277546296,-2.17155683058764,6.35723890907526,4.22452528609962,0.470061572559767,0.0417727613004911,-0.0215851653788903,-0.0112136232603321,0.721786899398986,92.3991028437662,14.6991469315432,1.77823087749835,TaV,0,0,0.7,0.3,0,1,100,105
0_0_0.7_0.3_0_2,105,2.67039324452625,-2.19104371826114,6.18669427768426,4.10739811166345,0.451345605446605,0.0429573539740695,-0.0177792667948568,-0.0112959451744027,0.688814379412118,92.0012780287541,14.2981912312818,1.86539213682705,TaV,0,0,0.7,0.3,0,2,100,105
0_0_0.7_0.3_0_3,105,2.65124543674942,-2.20364514513914,6.08843465428574,4.03455531186217,0.438506227053121,0.0437335798598628,-0.0165469253577713,-0.0118046473126286,0.669354680601407,92.0720889980671,14.0493582155251,1.8567738415195,TaV,0,0,0.7,0.3,0,3,100,105
0_0_0.7_0_0.3_1,106,3.11334216368706,-2.08908791873164,10.8604872162186,6.24816488601655,0.162834957955592,0.160559910786489,0.0159184882665974,-0.00569130223630929,1.34002870610451,181.941153866836,22.4530979755724,2.92659857571363,TaW,0,0,0.7,0,0.3,1,100,106
0_0_0.7_0_0.3_2,106,3.11492998642771,-2.08908791873164,10.8612758812542,6.2463163869379,0.161828112844822,0.159454707046427,0.0134639464157853,-0.00896873501106554,1.34013059709143,181.775787260243,22.4281215088508,3.07715282768705,TaW,0,0,0.7,0,0.3,2,100,106
0_0_0.7_0_0.3_3,106,3.11504536062411,-2.08908791873164,10.8637373391502,6.24858346923769,0.160493505216457,0.158457881982726,0.0149658554309627,-0.006143455104102,1.34043312126314,181.942791706032,22.4422377285474,3.03106663588681,TaW,0,0,0.7,0,0.3,3,100,106
0_0_0.8_0.2_0_1,103,2.9107971209163,-2.01440314550061,7.75378215429001,5.12698785541509,0.683413989871794,0.133895563589236,-0.0321154386823462,-0.00841443467421904,1.03068282659997,100.394811633845,18.3495550796048,1.08987936135535,TaV,0,0,0.8,0.2,0,1,0,103
0_0_0.8_0.2_0_2,103,2.85016768490615,-2.05572501506252,7.33233677325609,4.80180544673971,0.607143905952491,0.128011732624728,-0.0262436341685818,-0.00920233426439456,0.935097685766686,100.223523533553,17.1951927026097,1.05237284606397,TaV,0,0,0.8,0.2,0,2,0,103
0_0_0.8_0.2_0_3,103,2.84874228645595,-2.05572501506252,7.3335086386352,4.80229780588829,0.606498825798036,0.127088717024699,-0.0273474350545417,-0.0102508825642601,0.935249229877049,100.193044788027,17.1868642436078,1.11439833109151,TaV,0,0,0.8,0.2,0,3,0,103
0_0_0.8_0_0.2_1,104,3.12053821165809,-2.01290501787959,10.3570438732617,6.14661157852072,0.400123943278074,0.249523725104917,0.011759967429315,-0.00738968823991984,1.37919223230779,160.384696070946,22.5172662252724,3.12145886023894,TaW,0,0,0.8,0,0.2,1,0,104
0_0_0.8_0_0.2_2,104,3.12139269856098,-2.01290501787959,10.3542636233395,6.14367086665977,0.400681301165749,0.25096048031279,0.011337452555213,-0.00739147247746365,1.378821762886,160.566902438547,22.5131406371542,3.13806641686869,TaW,0,0,0.8,0,0.2,2,0,104
0_0_0.8_0_0.2_3,104,3.1209649059947,-2.01290501787959,10.3550162438329,6.14477984750718,0.400396026764909,0.249831609155897,0.0120537340890004,-0.00701862377743998,1.37892162533978,160.368099717807,22.5155094698338,3.18765218461469,TaW,0,0,0.8,0,0.2,3,0,104
0_0_0.9_0.1_0_1,101,3.04101164127536,-1.93516805252341,8.55897776052737,5.62027383663569,0.856574365907911,0.285045412042855,-0.0242288450872677,-0.0115550424035511,1.231756491005,111.333402541202,20.8003112250684,1.2221149483874,TaV,0,0,0.9,0.1,0,1,100,101
0_0_0.9_0.1_0_2,101,3.10519349854947,-1.89845420789902,9.02132546616754,6.00788996739757,0.981169095243641,0.310014877965556,-0.0281219257234234,-0.0097095625543914,1.34694188224951,111.654966554289,22.2699923121811,1.2747903909545,TaV,0,0,0.9,0.1,0,2,100,101
0_0_0.9_0.1_0_3,101,3.1554347225022,-1.87340345826857,9.37165490888687,6.29589035259093,1.07562463713042,0.328093478585149,-0.0310841857586622,-0.00847318191462714,1.43481291052407,111.845178616458,23.3711444724683,1.28259659176717,TaV,0,0,0.9,0.1,0,3,100,101
0_0_0.9_0_0.1_1,102,3.18864723398225,-1.91189527046804,10.2632822148964,6.40554779083056,0.80613490476157,0.397042144030614,0.00570513106386396,-0.00716788798072622,1.51208269467723,142.757275956443,24.1432595472558,2.58960282115826,TaW,0,0,0.9,0,0.1,1,100,102
0_0_0.9_0_0.1_2,102,3.10601453013059,-1.957577953923,9.65637079762745,5.91794440846454,0.639468720231365,0.345088274943001,0.00521795320089881,-0.00842548098674364,1.35904146511774,142.521950682291,22.1812732152122,2.60768066490518,TaW,0,0,0.9,0,0.1,2,100,102
0_0_0.9_0_0.1_3,102,3.1528984408683,-1.93240179903052,9.98161191632593,6.17870995140345,0.726949765202893,0.371247609381001,0.00486272900157851,-0.00748421110118072,1.44069129271284,142.635236313849,23.2223340083709,2.59855915655517,TaW,0,0,0.9,0,0.1,3,100,102
0_0_0_0.1_0.9_1,129,3.4838262614049,-2.24999264287488,17.548030251327,9.45403572520302,-0.648056907076299,0.0139682920973007,0.0600306546757797,-0.0219897415383758,1.8430493893647,366.681037570732,32.5687241853382,2.92970018807017,VW,0,0,0,0.1,0.9,1,100,129
0_0_0_0.1_0.9_2,129,3.48248811784797,-2.25761172735131,17.4313834033388,9.39633193399928,-0.642043572503324,0.0119680182188332,0.0617620157432948,-0.01764446215419,1.81684830276447,366.801308253002,32.3788512529831,2.90411107562574,VW,0,0,0,0.1,0.9,2,100,129
0_0_0_0.1_0.9_3,129,3.47499181799064,-2.26915031690781,17.2641963645831,9.31950813218115,-0.626572432205109,0.0103810473190695,0.062003358139816,-0.0157878312772701,1.77869625971362,366.834558718721,32.1151266876721,2.84509994272695,VW,0,0,0,0.1,0.9,3,100,129
0_0_0_0.2_0.8_1,128,3.39443000720263,-2.26336437984077,15.903861584372,8.66862912427044,-0.526270731414303,-0.035795597387762,0.0401572179031041,-0.0120005168403687,1.64806049246761,328.912846457675,29.6832056673472,1.60653254704138,VW,0,0,0,0.2,0.8,1,0,128
0_0_0_0.2_0.8_2,128,3.39964122695238,-2.25761172735132,15.9756663821217,8.70374750769345,-0.532732817312357,-0.0347786106548119,0.0433441003621367,-0.00762108300533887,1.66508688301835,328.830451469788,29.8271053113078,1.62717636761474,VW,0,0,0,0.2,0.8,2,0,128
0_0_0_0.2_0.8_3,128,3.38598575632612,-2.27108642593467,15.795804569032,8.61844981631844,-0.517313027704367,-0.0337677025260548,0.0440922265740503,-0.00741313955183385,1.62421655199988,328.973033521234,29.5389605443774,1.6370683302852,VW,0,0,0,0.2,0.8,3,0,128
0_0_0_0.3_0.7_1,127,3.30159298916107,-2.2730262907525,14.4605434813292,7.95006100822406,-0.429245911240328,-0.0598751524019459,0.0369781879784151,-0.00154580567087397,1.48399587787064,295.215695667716,27.1754056195489,0.65176662489445,VW,0,0,0,0.3,0.7,1,100,127
0_0_0_0.3_0.7_2,127,3.30681806245916,-2.26721794915675,14.5316647799487,7.98427651475184,-0.436148792417201,-0.063082085053544,0.0314067405130429,-0.00644829832618538,1.5000250049204,295.319755908597,27.2508566523096,0.663409653014912,VW,0,0,0,0.3,0.7,2,100,127
0_0_0_0.3_0.7_3,127,3.30814885023767,-2.26721794915675,14.5322242766523,7.98377123541171,-0.438076635016585,-0.0626992063575454,0.0344905736456639,-0.00324598278090299,1.50008034619589,295.312137928047,27.2661844869713,0.641083986672979,VW,0,0,0,0.3,0.7,3,100,127
0_0_0_0.4_0.6_1,126,3.23895376861202,-2.24620475955794,13.4669657566163,7.49334870329843,-0.399601553258019,-0.0811374568384922,0.0392818487408919,0.001902320707073,1.41972713814615,265.464628188025,25.4228974751209,2.2290049008964,VW,0,0,0,0.4,0.6,1,0,126
0_0_0_0.4_0.6_2,126,3.22765762309392,-2.25761172735131,13.3267044472172,7.4230208907451,-0.388704234778053,-0.0803844357689273,0.0385749527241449,0.00163139554279469,1.38894268326499,265.400910248161,25.183991579821,2.1607629853766,VW,0,0,0,0.4,0.6,2,0,126
0_0_0_0.4_0.6_3,126,3.18464737043959,-2.31263542884755,12.6866188041501,7.11240163941339,-0.337208471361511,-0.084353559860952,0.0288889642594664,-0.00199152309428687,1.25116623758042,265.325048477305,24.0701770636533,2.11307253846204,VW,0,0,0,0.4,0.6,3,0,126
0_0_0_0.5_0.5_1,125,3.11947623542149,-2.28671174383776,12.0075101559958,6.64893397917504,-0.351752179090488,-0.0857078150212493,0.0344440411133667,0.00520597186723032,1.21543846561439,243.366073929003,22.5953207964799,0.505605375769705,VW,0,0,0,0.5,0.5,1,100,125
0_0_0_0.5_0.5_2,125,3.09667200238318,-2.31465767422831,11.716027413851,6.50848844864128,-0.328834815816464,-0.091945139695382,0.025063404526834,0.00153234881974989,1.15312646784356,243.410903362989,22.0566029964199,0.496838394513315,VW,0,0,0,0.5,0.5,2,100,125
0_0_0_0.5_0.5_3,125,3.14658262097777,-2.24999264287488,12.4016758205722,6.83708781163596,-0.38591865998248,-0.0811611670356851,0.0429749924408376,0.00660207545502736,1.30247486923028,243.324299827119,23.2806577090514,0.568148627297839,VW,0,0,0,0.5,0.5,3,100,125
0_0_0_0.6_0.4_1,124,3.0047760971288,-2.31263542884755,10.7550457827049,5.95106013960213,-0.351987655258837,-0.0932840085792045,0.0313729172962249,0.0042101882156059,1.06072335222855,224.753444440391,20.1060166994023,1.49461478489708,VW,0,0,0,0.6,0.4,1,0,124
0_0_0_0.6_0.4_2,124,3.00307526526087,-2.31871447492393,10.7149715593514,5.92217460438668,-0.34252796322515,-0.0899875538660785,0.0323397757946109,0.00498337694259695,1.05033350881669,224.606653543032,20.0505259702153,1.52559924379952,VW,0,0,0,0.6,0.4,2,0,124
0_0_0_0.6_0.4_3,124,3.01192800800065,-2.30458709566472,10.8324645642213,5.99128988230678,-0.353562244755475,-0.088498486769249,0.035914752576707,0.0056165467925935,1.07701890125347,224.57781426579,20.2794347446587,1.4667569420131,VW,0,0,0,0.6,0.4,3,0,124
0_0_0_0.7_0.3_1,123,2.90318935182436,-2.32278780031156,9.90454962024476,5.34447323544018,-0.390786928110059,-0.0766060077000842,0.0399392331583959,0.00321507015839542,0.966996784209378,211.297914628977,18.187766909399,2.33117642483869,VW,0,0,0,0.7,0.3,1,100,123
0_0_0_0.7_0.3_2,123,2.86369230043035,-2.3816283003345,9.42489847405686,5.12654827187354,-0.33536606031697,-0.0799204896750741,0.0304864647992349,0.00452933919426773,0.867365001966021,211.303913522786,17.4213306778948,2.4153638535945,VW,0,0,0,0.7,0.3,2,100,123
0_0_0_0.7_0.3_3,123,2.88985252942213,-2.33924907736563,9.76691029761144,5.28028157120785,-0.376634861096672,-0.0782884923103484,0.0377928360180849,0.00542362294782417,0.937925682661215,211.323836603368,17.9665586133541,2.40355031084631,VW,0,0,0,0.7,0.3,3,100,123
0_0_0_0.8_0.2_1,122,2.72656268076639,-2.42814831596939,8.31181524795043,4.49750861665067,-0.360602516535011,-0.0711624963734722,0.0314770411906012,0.00191652893582572,0.730060574769984,201.445107653843,15.1839530081316,1.57288992950307,VW,0,0,0,0.8,0.2,1,0,122
0_0_0_0.8_0.2_2,122,2.77111626368585,-2.3580978029243,8.808422309581,4.70424927373232,-0.428624550079742,-0.0660841709105655,0.0414029477680466,0.00180930720035075,0.830085455313122,201.596747355613,15.9298695542525,1.52951953904991,VW,0,0,0,0.8,0.2,2,0,122
0_0_0_0.8_0.2_3,122,2.75856346295059,-2.37515578582888,8.67435699990309,4.65027686531922,-0.411812321814529,-0.068029689635216,0.0392424871691698,0.00234556463692127,0.803565107758584,201.352160688763,15.7298736799601,1.73601361738723,VW,0,0,0,0.8,0.2,3,0,122
0_0_0_0.9_0.1_1,121,2.66566824086431,-2.3496767005279,8.18473269994258,4.20707656284804,-0.513969639752607,-0.0418071888318931,0.0450702018004731,-0.00427663168850742,0.777957607073223,194.567522825639,14.3146514915734,1.55867713792952,VW,0,0,0,0.9,0.1,1,100,121
0_0_0_0.9_0.1_2,121,2.63696730261453,-2.403511011584,7.85537760674842,4.08654224895327,-0.461062907780268,-0.050954779822301,0.0377711342672914,-0.00289379040702124,0.707353005089597,194.619149630335,13.8529690710159,1.57279049207759,VW,0,0,0,0.9,0.1,2,100,121
0_0_0_0.9_0.1_3,121,2.64869886006963,-2.37515578582889,8.02648669941295,4.1482597456925,-0.489612252766448,-0.0457700333310504,0.0428104522893462,-0.00237617913242611,0.743641207655233,194.603664651009,14.0974628083379,1.51226586357952,VW,0,0,0,0.9,0.1,3,100,121
0_0_0_0_1_1,130,3.70935191339512,-2.10866440035674,21.7316048067848,11.398735161905,-0.774777601242208,0.2718792199555,0.12856899651886,-0.0215554171403039,2.63006924112429,412.802356302043,40.7046393164977,2.23955659793786,W,0,0,0,0,1,1,0,130
0_0_0_1_0_1,120,2.62487196568426,-2.20545838226332,8.33356927191242,3.94271824213768,-0.706712440435313,0.0441726967616258,0.0541843095520233,-0.0140167881467414,0.915595610095745,189.981580195093,13.8017372013905,1.03097922536629,V,0,0,0,1,0,1,0,120
0_0_1_0_0_1,100,3.66037953679083,-1.65967912887085,13.5448053655978,9.87045226182745,2.65740151676688,0.902901786561431,-0.0291189471468551,-0.010758597707319,2.56846841791279,128.274938747221,38.7483525295453,1.45649193626287,Ta,0,0,1,0,0,1,0,100
0_1_0_0_0_1,68,2.6265304433493,-2.14046624351761,8.39516233799102,3.90951291930251,-0.721607326642411,0.0811987612648375,0.0563246255437881,-0.0225002531530893,0.984495683786104,182.876029255065,13.8493527480994,0.651637599204832,Nb,0,1,0,0,0,1,0,68
1_0_0_0_0_1,1,3.58576133490488,-2.03714862948958,19.413722493401,10.1485548267553,-0.915170431659849,0.260825793206284,0.174818448759142,-0.072700238644756,2.52438438296917,343.823742025764,35.8657978871427,5.36714386925779,Mo,1,0,0,0,0,1,0,1
